$RFMSGFROM,17157,35,111,0,0*
$DECOMPRESS,70*
$BAROALT,101658.75,26,-2.7*
$BATMV,3628*
$GPGGA,041036.500,3850.6791,N,07704.5830,W,1,08,01.8,25.2,M,-34.0,M,0,0*68
$GPRMC,041036.500,A,3850.6791,N,07704.5830,W,000.2,246.9,030926,,,A*71
$HRFSSI,-57*
$RFMSGEND*
$RFMSGFROM,17157,35,111,0,0*
$DECOMPRESS,70*
$BAROALT,101659.25,26,-2.7*
$BATMV,3635*
$GPGGA,041037.500,3850.6791,N,07704.5834,W,1,09,01.1,26.6,M,-34.0,M,0,0*62
$GPRMC,041037.500,A,3850.6791,N,07704.5834,W,000.3,246.9,030926,,,A*75
$HRFSSI,-58*
$RFMSGEND*
$RFMSGFROM,17157,35,111,0,0*
$DECOMPRESS,70*
$BAROALT,101660.00,26,-2.7*
$BATMV,3635*
$GPGGA,041038.500,3850.6794,N,07704.5834,W,1,09,01.1,26.6,M,-34.0,M,0,0*68
$GPRMC,041038.500,A,3850.6794,N,07704.5834,W,000.3,246.9,030926,,,A*7F
$HRFSSI,-57*
$RFMSGEND*
$RFMSGFROM,17157,35,111,0,0*
$DECOMPRESS,70*
$BAROALT,101659.75,26,-2.7*
$BATMV,3635*
$GPGGA,041039.500,3850.6791,N,07704.5830,W,1,09,01.1,25.8,M,-34.0,M,0,0*65
$GPRMC,041039.500,A,3850.6791,N,07704.5830,W,000.3,246.9,030926,,,A*7F
$HRFSSI,-58*
$RFMSGEND*
$RFMSGFROM,17157,35,111,0,0*
$DECOMPRESS,70*
$BAROALT,101660.75,26,-2.7*
$BATMV,3635*
$GPGGA,041040.500,3850.6791,N,07704.5825,W,1,09,01.1,25.4,M,-34.0,M,0,0*63
$GPRMC,041040.500,A,3850.6791,N,07704.5825,W,000.3,246.9,030926,,,A*75
$HRFSSI,-57*
$RFMSGEND*
$RFMSGFROM,17157,35,111,0,0*
$DECOMPRESS,70*
$BAROALT,101659.25,26,-2.7*
$BATMV,3635*
$GPGGA,041041.500,3850.6794,N,07704.5825,W,1,09,01.1,26.3,M,-34.0,M,0,0*63
$GPRMC,041041.500,A,3850.6794,N,07704.5825,W,000.1,246.9,030926,,,A*73
$HRFSSI,-58*
$RFMSGEND*
$RFMSGFROM,17157,35,111,0,0*
$DECOMPRESS,70*
$BAROALT,101663.00,26,-2.8*
$BATMV,3635*
$GPGGA,041042.500,3850.6794,N,07704.5825,W,1,09,01.1,26.2,M,-34.0,M,0,0*61
$GPRMC,041042.500,A,3850.6794,N,07704.5825,W,000.1,246.9,030926,,,A*70
$HRFSSI,-58*
$RFMSGEND*
$RFMSGFROM,17157,35,111,0,0*
$DECOMPRESS,70*
$BAROALT,101659.00,26,-2.7*
$BATMV,3635*
$GPGGA,041043.500,3850.6794,N,07704.5825,W,1,09,01.1,25.9,M,-34.0,M,0,0*68
$GPRMC,041043.500,A,3850.6794,N,07704.5825,W,000.6,246.9,030926,,,A*76
$HRFSSI,-58*
$RFMSGEND*
$RFMSGFROM,17157,35,111,0,0*
$DECOMPRESS,70*
$BAROALT,101662.75,26,-2.7*
$BATMV,3635*
$GPGGA,041044.500,3850.6794,N,07704.5820,W,1,09,01.1,25.7,M,-34.0,M,0,0*64
$GPRMC,041044.500,A,3850.6794,N,07704.5820,W,000.7,142.0,030926,,,A*7B
$HRFSSI,-58*
$RFMSGEND*
$RFMSGFROM,17157,35,111,0,0*
$DECOMPRESS,70*
$BAROALT,101664.25,26,-2.8*
$BATMV,3635*
$GPGGA,041045.500,3850.6796,N,07704.5825,W,1,09,01.1,26.7,M,-34.0,M,0,0*61
$GPRMC,041045.500,A,3850.6796,N,07704.5825,W,000.3,142.0,030926,,,A*79
$HRFSSI,-58*
$RFMSGEND*
$RFMSGFROM,17157,35,111,0,0*
$DECOMPRESS,70*
$BAROALT,101658.75,26,-2.7*
$BATMV,3635*
$GPGGA,041046.500,3850.6796,N,07704.5825,W,1,09,01.1,27.4,M,-34.0,M,0,0*60
$GPRMC,041046.500,A,3850.6796,N,07704.5825,W,000.2,142.0,030926,,,A*7B
$HRFSSI,-58*
$RFMSGEND*
$RFMSGFROM,17157,35,111,0,0*
$DECOMPRESS,70*
$BAROALT,101659.00,26,-2.7*
$BATMV,3635*
$GPGGA,041047.500,3850.6796,N,07704.5830,W,1,09,01.1,29.2,M,-34.0,M,0,0*6D
$GPRMC,041047.500,A,3850.6796,N,07704.5830,W,000.2,142.0,030926,,,A*7E
$HRFSSI,-58*
$RFMSGEND*
$RFMSGFROM,17157,35,111,0,0*
$DECOMPRESS,70*
$BAROALT,101660.25,26,-2.7*
$BATMV,3635*
$GPGGA,041048.500,3850.6799,N,07704.5834,W,1,08,01.8,30.2,M,-34.0,M,0,0*69
$GPRMC,041048.500,A,3850.6799,N,07704.5834,W,000.1,142.0,030926,,,A*79
$HRFSSI,-56*
$RFMSGEND*
$RFMSGFROM,17157,35,111,0,0*
$DECOMPRESS,70*
$BAROALT,101662.00,26,-2.7*
$BATMV,3635*
$GPGGA,041049.500,3850.6799,N,07704.5834,W,1,08,01.8,30.8,M,-34.0,M,0,0*62
$GPRMC,041049.500,A,3850.6799,N,07704.5834,W,000.3,142.0,030926,,,A*7A
$HRFSSI,-57*
$RFMSGEND*
$RFMSGFROM,17157,35,111,0,0*
$DECOMPRESS,70*
$BAROALT,101659.00,26,-2.7*
$BATMV,3635*
$GPGGA,041050.500,3850.6799,N,07704.5834,W,1,08,01.8,31.6,M,-34.0,M,0,0*65
$GPRMC,041050.500,A,3850.6799,N,07704.5834,W,000.6,100.8,030926,,,A*79
$HRFSSI,-56*
$RFMSGEND*
$RFMSGFROM,17157,35,111,0,0*
$DECOMPRESS,70*
$BAROALT,101660.50,26,-2.7*
$BATMV,3635*
$GPGGA,041051.500,3850.6799,N,07704.5834,W,1,08,01.8,32.2,M,-34.0,M,0,0*63
$GPRMC,041051.500,A,3850.6799,N,07704.5834,W,000.2,100.8,030926,,,A*7C
$HRFSSI,-56*
$RFMSGEND*
$RFMSGFROM,17157,35,111,0,0*
$DECOMPRESS,70*
$BAROALT,101658.75,26,-2.7*
$BATMV,3628*
$GPGGA,041052.500,3850.6801,N,07704.5839,W,1,08,01.8,33.7,M,-34.0,M,0,0*67
$GPRMC,041052.500,A,3850.6801,N,07704.5839,W,000.2,100.8,030926,,,A*7C
$HRFSSI,-55*
$RFMSGEND*
$RFMSGFROM,17157,35,111,0,0*
$DECOMPRESS,70*
$BAROALT,101660.25,26,-2.7*
$BATMV,3635*
$GPGGA,041053.500,3850.6801,N,07704.5849,W,1,08,01.8,35.8,M,-34.0,M,0,0*68
$GPRMC,041053.500,A,3850.6801,N,07704.5849,W,000.5,180.6,030926,,,A*7B
$HRFSSI,-54*
$RFMSGEND*
$RFMSGFROM,17157,35,111,0,0*
$DECOMPRESS,70*
$BAROALT,101659.50,26,-2.7*
$BATMV,3641*
$GPGGA,041054.500,3850.6801,N,07704.5854,W,1,08,01.8,37.0,M,-34.0,M,0,0*69
$GPRMC,041054.500,A,3850.6801,N,07704.5854,W,000.3,180.6,030926,,,A*76
$HRFSSI,-55*
$RFMSGEND*
$RFMSGFROM,17157,35,111,0,0*
$DECOMPRESS,70*
$BAROALT,101663.00,26,-2.8*
$BATMV,3635*
$GPGGA,041055.500,3850.6801,N,07704.5859,W,1,08,01.8,37.4,M,-34.0,M,0,0*61
$GPRMC,041055.500,A,3850.6801,N,07704.5859,W,000.3,180.6,030926,,,A*7A
$HRFSSI,-55*
$RFMSGEND*
$RFMSGFROM,17157,35,111,0,0*
$DECOMPRESS,70*
$BAROALT,101663.00,26,-2.8*
$BATMV,3635*
$GPGGA,041056.500,3850.6801,N,07704.5859,W,1,08,01.8,37.9,M,-34.0,M,0,0*6F
$GPRMC,041056.500,A,3850.6801,N,07704.5859,W,000.2,180.6,030926,,,A*78
$HRFSSI,-54*
$RFMSGEND*
$RFMSGFROM,17157,35,111,0,0*
$DECOMPRESS,70*
$BAROALT,101661.25,26,-2.7*
$BATMV,3635*
$GPGGA,041057.500,3850.6799,N,07704.5864,W,1,08,01.8,38.1,M,-34.0,M,0,0*69
$GPRMC,041057.500,A,3850.6799,N,07704.5864,W,000.1,180.6,030926,,,A*7A
$HRFSSI,-57*
$RFMSGEND*
$RFMSGFROM,17157,35,111,0,0*
$DECOMPRESS,70*
$BAROALT,101659.75,26,-2.7*
$BATMV,3635*
$GPGGA,041058.500,3850.6796,N,07704.5864,W,1,08,01.8,38.0,M,-34.0,M,0,0*68
$GPRMC,041058.500,A,3850.6796,N,07704.5864,W,000.2,180.6,030926,,,A*79
$HRFSSI,-59*
$RFMSGEND*
$RFMSGFROM,17157,35,111,0,0*
$DECOMPRESS,70*
$BAROALT,101659.00,26,-2.7*
$BATMV,3635*
$GPGGA,041059.500,3850.6791,N,07704.5869,W,1,08,01.8,38.8,M,-34.0,M,0,0*6B
$GPRMC,041059.500,A,3850.6791,N,07704.5869,W,000.9,220.7,030926,,,A*71
$HRFSSI,-61*
$RFMSGEND*
$RFMSGFROM,17157,35,111,0,0*
$DECOMPRESS,70*
$BAROALT,101661.50,26,-2.7*
$BATMV,3635*
$GPGGA,041100.500,3850.6789,N,07704.5874,W,1,08,01.8,38.5,M,-34.0,M,0,0*6E
$GPRMC,041100.500,A,3850.6789,N,07704.5874,W,000.1,220.7,030926,,,A*71
$HRFSSI,-61*
$RFMSGEND*
$RFMSGFROM,17157,35,111,0,0*
$DECOMPRESS,70*
$BAROALT,101660.50,26,-2.7*
$BATMV,3635*
$GPGGA,041101.500,3850.6787,N,07704.5874,W,1,08,01.8,38.5,M,-34.0,M,0,0*61
$GPRMC,041101.500,A,3850.6787,N,07704.5874,W,000.1,220.7,030926,,,A*7E
$HRFSSI,-60*
$RFMSGEND*
$RFMSGFROM,17157,35,111,0,0*
$DECOMPRESS,70*
$BAROALT,101657.50,26,-2.7*
$BATMV,3635*
$GPGGA,041102.500,3850.6784,N,07704.5878,W,1,08,01.8,39.3,M,-34.0,M,0,0*6A
$GPRMC,041102.500,A,3850.6784,N,07704.5878,W,000.4,220.7,030926,,,A*77
$HRFSSI,-60*
$RFMSGEND*
$RFMSGFROM,17157,35,111,0,0*
$DECOMPRESS,70*
$BAROALT,101659.25,26,-2.7*
$BATMV,3628*
$GPGGA,041103.500,3850.6784,N,07704.5878,W,1,08,01.8,39.4,M,-34.0,M,0,0*6C
$GPRMC,041103.500,A,3850.6784,N,07704.5878,W,000.5,220.7,030926,,,A*77
$HRFSSI,-61*
$RFMSGEND*
$RFMSGFROM,17157,35,111,0,0*
$DECOMPRESS,70*
$BAROALT,101658.50,26,-2.7*
$BATMV,3635*
$GPGGA,041104.500,3850.6782,N,07704.5883,W,1,08,01.8,39.5,M,-34.0,M,0,0*68
$GPRMC,041104.500,A,3850.6782,N,07704.5883,W,000.1,220.7,030926,,,A*76
$HRFSSI,-57*
$RFMSGEND*
$RFMSGFROM,17157,35,111,0,0*
$DECOMPRESS,70*
$BAROALT,101662.75,26,-2.7*
$BATMV,3635*
$GPGGA,041105.500,3850.6782,N,07704.5883,W,1,08,01.8,39.7,M,-34.0,M,0,0*6B
$GPRMC,041105.500,A,3850.6782,N,07704.5883,W,000.3,220.7,030926,,,A*75
$HRFSSI,-58*
$RFMSGEND*
$RFMSGFROM,17157,35,111,0,0*
$DECOMPRESS,70*
$BAROALT,101658.50,26,-2.7*
$BATMV,3628*
$GPGGA,041106.500,3850.6782,N,07704.5888,W,1,08,01.8,40.4,M,-34.0,M,0,0*6E
$GPRMC,041106.500,A,3850.6782,N,07704.5888,W,000.0,220.7,030926,,,A*7E
$HRFSSI,-57*
$RFMSGEND*
$RFMSGFROM,17157,35,111,0,0*
$DECOMPRESS,70*
$BAROALT,101658.50,26,-2.7*
$BATMV,3628*
$GPGGA,041107.500,3850.6779,N,07704.5888,W,1,08,01.8,40.5,M,-34.0,M,0,0*6A
$GPRMC,041107.500,A,3850.6779,N,07704.5888,W,000.1,220.7,030926,,,A*7A
$HRFSSI,-57*
$RFMSGEND*
$RFMSGFROM,17157,35,111,0,0*
$DECOMPRESS,70*
$BAROALT,101661.75,26,-2.7*
$BATMV,3635*
$GPGGA,041108.500,3850.6779,N,07704.5888,W,1,08,01.8,40.4,M,-34.0,M,0,0*64
$GPRMC,041108.500,A,3850.6779,N,07704.5888,W,000.0,220.7,030926,,,A*74
$HRFSSI,-56*
$RFMSGEND*
$RFMSGFROM,17157,35,111,0,0*
$DECOMPRESS,70*
$BAROALT,101657.00,26,-2.7*
$BATMV,3628*
$GPGGA,041109.500,3850.6779,N,07704.5883,W,1,08,01.8,40.5,M,-34.0,M,0,0*6F
$GPRMC,041109.500,A,3850.6779,N,07704.5883,W,000.4,220.7,030926,,,A*7A
$HRFSSI,-56*
$RFMSGEND*
$RFMSGFROM,17157,35,111,0,0*
$DECOMPRESS,70*
$BAROALT,101664.00,26,-2.8*
$BATMV,3628*
$GPGGA,041110.500,3850.6779,N,07704.5883,W,1,08,01.8,40.5,M,-34.0,M,0,0*67
$GPRMC,041110.500,A,3850.6779,N,07704.5883,W,000.2,220.7,030926,,,A*74
$HRFSSI,-56*
$RFMSGEND*
$RFMSGFROM,17157,35,111,0,0*
$DECOMPRESS,70*
$BAROALT,101661.25,26,-2.7*
$BATMV,3628*
$GPGGA,041111.500,3850.6779,N,07704.5878,W,1,08,01.8,40.4,M,-34.0,M,0,0*63
$GPRMC,041111.500,A,3850.6779,N,07704.5878,W,000.2,220.7,030926,,,A*71
$HRFSSI,-57*
$RFMSGEND*
$RFMSGFROM,17157,35,111,0,0*
$DECOMPRESS,70*
$BAROALT,101660.25,26,-2.7*
$BATMV,3635*
$GPGGA,041112.500,3850.6782,N,07704.5878,W,1,08,01.8,40.5,M,-34.0,M,0,0*65
$GPRMC,041112.500,A,3850.6782,N,07704.5878,W,000.1,220.7,030926,,,A*75
$HRFSSI,-55*
$RFMSGEND*
$RFMSGFROM,17157,35,111,0,0*
$DECOMPRESS,70*
$BAROALT,101661.00,26,-2.7*
$BATMV,3635*
$GPGGA,041113.500,3850.6782,N,07704.5883,W,1,08,01.8,41.5,M,-34.0,M,0,0*61
$GPRMC,041113.500,A,3850.6782,N,07704.5883,W,000.2,220.7,030926,,,A*73
$HRFSSI,-56*
$RFMSGEND*
$RFMSGFROM,17157,35,111,0,0*
$DECOMPRESS,70*
$BAROALT,101658.50,26,-2.7*
$BATMV,3628*
$GPGGA,041114.500,3850.6782,N,07704.5883,W,1,08,01.8,42.2,M,-34.0,M,0,0*62
$GPRMC,041114.500,A,3850.6782,N,07704.5883,W,000.0,220.7,030926,,,A*76
$HRFSSI,-57*
$RFMSGEND*
$RFMSGFROM,17157,35,111,0,0*
$DECOMPRESS,70*
$BAROALT,101661.25,26,-2.7*
$BATMV,3635*
$GPGGA,041115.500,3850.6782,N,07704.5883,W,1,08,01.8,42.5,M,-34.0,M,0,0*64
$GPRMC,041115.500,A,3850.6782,N,07704.5883,W,000.2,220.7,030926,,,A*75
$HRFSSI,-55*
$RFMSGEND*
$RFMSGFROM,17157,35,111,0,0*
$DECOMPRESS,70*
$BAROALT,101663.50,26,-2.8*
$BATMV,3635*
$GPGGA,041116.500,3850.6784,N,07704.5883,W,1,08,01.8,42.7,M,-34.0,M,0,0*63
$GPRMC,041116.500,A,3850.6784,N,07704.5883,W,000.1,220.7,030926,,,A*73
$HRFSSI,-56*
$RFMSGEND*
$RFMSGFROM,17157,35,111,0,0*
$DECOMPRESS,70*
$BAROALT,101659.00,26,-2.7*
$BATMV,3635*
$GPGGA,041117.500,3850.6784,N,07704.5878,W,1,07,02.0,42.6,M,-34.0,M,0,0*63
$GPRMC,041117.500,A,3850.6784,N,07704.5878,W,000.0,220.7,030926,,,A*77
$HRFSSI,-56*
$RFMSGEND*
$RFMSGFROM,17157,35,111,0,0*
$DECOMPRESS,70*
$BAROALT,101659.75,26,-2.7*
$BATMV,3628*
$GPGGA,041118.500,3850.6784,N,07704.5878,W,1,07,02.0,42.7,M,-34.0,M,0,0*6D
$GPRMC,041118.500,A,3850.6784,N,07704.5878,W,000.2,220.7,030926,,,A*7A
$HRFSSI,-57*
$RFMSGEND*
$RFMSGFROM,17157,35,111,0,0*
$DECOMPRESS,70*
$BAROALT,101656.75,26,-2.7*
$BATMV,3635*
$GPGGA,041119.500,3850.6784,N,07704.5878,W,1,08,01.2,43.1,M,-34.0,M,0,0*65
$GPRMC,041119.500,A,3850.6784,N,07704.5878,W,000.3,220.7,030926,,,A*7A
$HRFSSI,-56*
$RFMSGEND*
$RFMSGFROM,17157,35,111,0,0*
$DECOMPRESS,70*
$BAROALT,101660.00,26,-2.7*
$BATMV,3635*
$GPGGA,041120.500,3850.6784,N,07704.5878,W,1,09,01.1,43.6,M,-34.0,M,0,0*6A
$GPRMC,041120.500,A,3850.6784,N,07704.5878,W,000.0,220.7,030926,,,A*73
$HRFSSI,-57*
$RFMSGEND*
$RFMSGFROM,17157,35,111,0,0*
$DECOMPRESS,70*
$BAROALT,101662.75,26,-2.7*
$BATMV,3641*
$GPGGA,041121.500,3850.6787,N,07704.5878,W,1,09,01.1,43.5,M,-34.0,M,0,0*6B
$GPRMC,041121.500,A,3850.6787,N,07704.5878,W,000.3,220.7,030926,,,A*72
$HRFSSI,-57*
$RFMSGEND*
$RFMSGFROM,17157,35,111,0,0*
$DECOMPRESS,70*
$BAROALT,101657.75,26,-2.7*
$BATMV,3628*
$GPGGA,041122.500,3850.6787,N,07704.5874,W,1,09,01.1,43.6,M,-34.0,M,0,0*67
$GPRMC,041122.500,A,3850.6787,N,07704.5874,W,000.0,220.7,030926,,,A*7E
$HRFSSI,-55*
$RFMSGEND*
$RFMSGFROM,17157,35,111,0,0*
$DECOMPRESS,70*
$BAROALT,101662.25,26,-2.7*
$BATMV,3635*
$GPGGA,041123.500,3850.6789,N,07704.5874,W,1,09,01.1,43.4,M,-34.0,M,0,0*6A
$GPRMC,041123.500,A,3850.6789,N,07704.5874,W,000.0,220.7,030926,,,A*71
$HRFSSI,-56*
$RFMSGEND*
$RFMSGFROM,17157,35,111,0,0*
$DECOMPRESS,70*
$BAROALT,101660.25,26,-2.7*
$BATMV,3635*
$GPGGA,041124.500,3850.6789,N,07704.5869,W,1,09,01.1,42.8,M,-34.0,M,0,0*6C
$GPRMC,041124.500,A,3850.6789,N,07704.5869,W,000.1,220.7,030926,,,A*7B
$HRFSSI,-57*
$RFMSGEND*
$RFMSGFROM,17157,35,111,0,0*
$DECOMPRESS,70*
$BAROALT,101660.25,26,-2.7*
$BATMV,3635*
$GPGGA,041125.500,3850.6789,N,07704.5864,W,1,09,01.1,42.0,M,-34.0,M,0,0*68
$GPRMC,041125.500,A,3850.6789,N,07704.5864,W,000.4,220.7,030926,,,A*72
$HRFSSI,-57*
$RFMSGEND*
$RFMSGFROM,17157,35,111,0,0*
$DECOMPRESS,70*
$BAROALT,101663.25,26,-2.8*
$BATMV,3635*
$GPGGA,041126.500,3850.6789,N,07704.5859,W,1,09,01.1,41.3,M,-34.0,M,0,0*65
$GPRMC,041126.500,A,3850.6789,N,07704.5859,W,000.0,220.7,030926,,,A*7B
$HRFSSI,-57*
$RFMSGEND*
$RFMSGFROM,17157,35,111,0,0*
$DECOMPRESS,70*
$BAROALT,101660.00,26,-2.7*
$BATMV,3635*
$GPGGA,041127.500,3850.6791,N,07704.5854,W,1,09,01.1,40.5,M,-34.0,M,0,0*67
$GPRMC,041127.500,A,3850.6791,N,07704.5854,W,000.3,220.7,030926,,,A*7D
$HRFSSI,-56*
$RFMSGEND*
$RFMSGFROM,17157,35,111,0,0*
$DECOMPRESS,70*
$BAROALT,101656.75,26,-2.7*
$BATMV,3628*
$GPGGA,041128.500,3850.6791,N,07704.5849,W,1,09,01.1,39.9,M,-34.0,M,0,0*66
$GPRMC,041128.500,A,3850.6791,N,07704.5849,W,000.0,220.7,030926,,,A*7D
$HRFSSI,-58*
$RFMSGEND*
$RFMSGFROM,17157,35,111,0,0*
$DECOMPRESS,70*
$BAROALT,101661.00,26,-2.7*
$BATMV,3641*
$GPGGA,041129.500,3850.6791,N,07704.5844,W,1,09,01.1,38.9,M,-34.0,M,0,0*6B
$GPRMC,041129.500,A,3850.6791,N,07704.5844,W,000.1,220.7,030926,,,A*70
$HRFSSI,-57*
$RFMSGEND*
$RFMSGFROM,17157,35,111,0,0*
$DECOMPRESS,70*
$BAROALT,101660.00,26,-2.7*
$BATMV,3635*
$GPGGA,041130.500,3850.6791,N,07704.5844,W,1,09,01.1,38.5,M,-34.0,M,0,0*6F
$GPRMC,041130.500,A,3850.6791,N,07704.5844,W,000.2,220.7,030926,,,A*7B
$HRFSSI,-59*
$RFMSGEND*
$RFMSGFROM,17157,35,111,0,0*
$DECOMPRESS,70*
$BAROALT,101660.50,26,-2.7*
$BATMV,3635*
$GPGGA,041131.500,3850.6791,N,07704.5844,W,1,09,01.1,38.3,M,-34.0,M,0,0*68
$GPRMC,041131.500,A,3850.6791,N,07704.5844,W,000.1,220.7,030926,,,A*79
$HRFSSI,-59*
$RFMSGEND*
$RFMSGFROM,17157,35,111,0,0*
$DECOMPRESS,70*
$BAROALT,101659.75,26,-2.7*
$BATMV,3635*
$GPGGA,041132.500,3850.6791,N,07704.5839,W,1,09,01.1,37.6,M,-34.0,M,0,0*6B
$GPRMC,041132.500,A,3850.6791,N,07704.5839,W,000.3,220.7,030926,,,A*72
$HRFSSI,-59*
$RFMSGEND*
$RFMSGFROM,17157,35,111,0,0*
$DECOMPRESS,70*
$BAROALT,101658.50,26,-2.7*
$BATMV,3635*
$GPGGA,041133.500,3850.6794,N,07704.5834,W,1,09,01.1,37.2,M,-34.0,M,0,0*66
$GPRMC,041133.500,A,3850.6794,N,07704.5834,W,000.2,220.7,030926,,,A*7A
$HRFSSI,-60*
$RFMSGEND*
$RFMSGFROM,17157,35,111,0,0*
$DECOMPRESS,70*
$BAROALT,101663.25,26,-2.8*
$BATMV,3628*
$GPGGA,041134.500,3850.6791,N,07704.5830,W,1,09,01.1,36.3,M,-34.0,M,0,0*60
$GPRMC,041134.500,A,3850.6791,N,07704.5830,W,000.1,220.7,030926,,,A*7F
$HRFSSI,-60*
$RFMSGEND*
$RFMSGFROM,17157,35,111,0,0*
$DECOMPRESS,70*
$BAROALT,101659.25,26,-2.7*
$BATMV,3635*
$GPGGA,041135.500,3850.6794,N,07704.5830,W,1,09,01.1,35.5,M,-34.0,M,0,0*61
$GPRMC,041135.500,A,3850.6794,N,07704.5830,W,000.4,220.7,030926,,,A*7E
$HRFSSI,-60*
$RFMSGEND*
$RFMSGFROM,17157,35,111,0,0*
$DECOMPRESS,70*
$BAROALT,101660.50,26,-2.7*
$BATMV,3635*
$GPGGA,041136.500,3850.6794,N,07704.5825,W,1,09,01.1,34.9,M,-34.0,M,0,0*6B
$GPRMC,041136.500,A,3850.6794,N,07704.5825,W,000.3,220.7,030926,,,A*7E
$HRFSSI,-59*
$RFMSGEND*
$RFMSGFROM,17157,35,111,0,0*
$DECOMPRESS,70*
$BAROALT,101660.00,26,-2.7*
$BATMV,3628*
$GPGGA,041137.500,3850.6794,N,07704.5825,W,1,09,01.1,34.2,M,-34.0,M,0,0*61
$GPRMC,041137.500,A,3850.6794,N,07704.5825,W,000.2,162.5,030926,,,A*79
$HRFSSI,-59*
$RFMSGEND*
$RFMSGFROM,17157,35,111,0,0*
$DECOMPRESS,70*
$BAROALT,101659.50,26,-2.7*
$BATMV,3635*
$GPGGA,041138.500,3850.6796,N,07704.5820,W,1,09,01.1,33.3,M,-34.0,M,0,0*6F
$GPRMC,041138.500,A,3850.6796,N,07704.5820,W,000.6,162.5,030926,,,A*75
$HRFSSI,-59*
$RFMSGEND*
$RFMSGFROM,17157,35,111,0,0*
$DECOMPRESS,70*
$BAROALT,101659.75,26,-2.7*
$BATMV,3628*
$GPGGA,041139.500,3850.6796,N,07704.5820,W,1,09,01.1,33.4,M,-34.0,M,0,0*69
$GPRMC,041139.500,A,3850.6796,N,07704.5820,W,000.0,162.5,030926,,,A*72
$HRFSSI,-59*
$RFMSGEND*
$RFMSGFROM,17157,35,111,0,0*
$DECOMPRESS,70*
$BAROALT,101660.75,26,-2.7*
$BATMV,3635*
$GPGGA,041140.500,3850.6796,N,07704.5820,W,1,09,01.1,32.8,M,-34.0,M,0,0*6A
$GPRMC,041140.500,A,3850.6796,N,07704.5820,W,000.4,084.6,030926,,,A*72
$HRFSSI,-59*
$RFMSGEND*
$RFMSGFROM,17157,35,111,0,0*
$DECOMPRESS,70*
$BAROALT,101662.75,26,-2.7*
$BATMV,3635*
$GPGGA,041141.500,3850.6796,N,07704.5815,W,1,09,01.8,32.3,M,-34.0,M,0,0*6F
$GPRMC,041141.500,A,3850.6796,N,07704.5815,W,000.1,084.6,030926,,,A*70
$HRFSSI,-59*
$RFMSGEND*
$RFMSGFROM,17157,35,111,0,0*
$DECOMPRESS,70*
$BAROALT,101655.75,26,-2.7*
$BATMV,3635*
$GPGGA,041142.500,3850.6796,N,07704.5815,W,1,09,01.8,32.5,M,-34.0,M,0,0*6A
$GPRMC,041142.500,A,3850.6796,N,07704.5815,W,000.1,084.6,030926,,,A*73
$HRFSSI,-59*
$RFMSGEND*
$RFMSGFROM,17157,35,111,0,0*
$DECOMPRESS,70*
$BAROALT,101660.00,26,-2.7*
$BATMV,3628*
$GPGGA,041143.500,3850.6796,N,07704.5815,W,1,09,01.8,32.3,M,-34.0,M,0,0*6D
$GPRMC,041143.500,A,3850.6796,N,07704.5815,W,000.2,084.6,030926,,,A*71
$HRFSSI,-59*
$RFMSGEND*
$RFMSGFROM,17157,35,111,0,0*
$DECOMPRESS,70*
$BAROALT,101664.00,26,-2.8*
$BATMV,3635*
$GPGGA,041144.500,3850.6794,N,07704.5815,W,1,09,01.8,32.1,M,-34.0,M,0,0*6A
$GPRMC,041144.500,A,3850.6794,N,07704.5815,W,000.6,084.6,030926,,,A*70
$HRFSSI,-59*
$RFMSGEND*
$RFMSGFROM,17157,35,111,0,0*
$DECOMPRESS,70*
$BAROALT,101661.50,26,-2.7*
$BATMV,3628*
$GPGGA,041145.500,3850.6794,N,07704.5815,W,1,09,01.8,31.4,M,-34.0,M,0,0*6D
$GPRMC,041145.500,A,3850.6794,N,07704.5815,W,000.0,084.6,030926,,,A*77
$HRFSSI,-59*
$RFMSGEND*
$RFMSGFROM,17157,35,111,0,0*
$DECOMPRESS,70*
$BAROALT,101660.25,26,-2.7*
$BATMV,3635*
$GPGGA,041146.500,3850.6791,N,07704.5815,W,1,09,01.8,31.3,M,-34.0,M,0,0*6C
$GPRMC,041146.500,A,3850.6791,N,07704.5815,W,000.2,084.6,030926,,,A*73
$HRFSSI,-59*
$RFMSGEND*
$RFMSGFROM,17157,35,111,0,0*
$DECOMPRESS,70*
$BAROALT,101658.25,26,-2.7*
$BATMV,3628*
$GPGGA,041147.500,3850.6789,N,07704.5815,W,1,09,01.8,30.7,M,-34.0,M,0,0*61
$GPRMC,041147.500,A,3850.6789,N,07704.5815,W,000.3,084.6,030926,,,A*7A
$HRFSSI,-60*
$RFMSGEND*
$RFMSGFROM,17157,35,111,0,0*
$DECOMPRESS,70*
$BAROALT,101657.75,26,-2.7*
$BATMV,3635*
$GPGGA,041148.500,3850.6789,N,07704.5810,W,1,09,01.8,29.9,M,-34.0,M,0,0*6D
$GPRMC,041148.500,A,3850.6789,N,07704.5810,W,000.1,084.6,030926,,,A*72
$HRFSSI,-60*
$RFMSGEND*
$RFMSGFROM,17157,35,111,0,0*
$DECOMPRESS,70*
$BAROALT,101660.00,26,-2.7*
$BATMV,3635*
$GPGGA,041149.500,3850.6787,N,07704.5815,W,1,09,01.8,29.8,M,-34.0,M,0,0*66
$GPRMC,041149.500,A,3850.6787,N,07704.5815,W,000.1,084.6,030926,,,A*78
$HRFSSI,-60*
$RFMSGEND*
$RFMSGFROM,17157,35,111,0,0*
$DECOMPRESS,70*
$BAROALT,101657.25,26,-2.7*
$BATMV,3635*
$GPGGA,041150.500,3850.6784,N,07704.5810,W,1,09,01.8,29.1,M,-34.0,M,0,0*61
$GPRMC,041150.500,A,3850.6784,N,07704.5810,W,000.4,084.6,030926,,,A*73
$HRFSSI,-60*
$RFMSGEND*
$RFMSGFROM,17157,35,111,0,0*
$DECOMPRESS,70*
$BAROALT,101658.50,26,-2.7*
$BATMV,3635*
$GPGGA,041151.500,3850.6784,N,07704.5810,W,1,09,01.8,29.0,M,-34.0,M,0,0*61
$GPRMC,041151.500,A,3850.6784,N,07704.5810,W,000.1,084.6,030926,,,A*77
$HRFSSI,-61*
$RFMSGEND*
$RFMSGFROM,17157,35,111,0,0*
$DECOMPRESS,70*
$BAROALT,101658.50,26,-2.7*
$BATMV,3635*
$GPGGA,041152.500,3850.6784,N,07704.5810,W,1,09,01.8,28.4,M,-34.0,M,0,0*67
$GPRMC,041152.500,A,3850.6784,N,07704.5810,W,000.3,068.6,030926,,,A*74
$HRFSSI,-60*
$RFMSGEND*
$RFMSGFROM,17157,35,111,0,0*
$DECOMPRESS,70*
$BAROALT,101660.75,26,-2.7*
$BATMV,3628*
$GPGGA,041153.500,3850.6782,N,07704.5810,W,1,09,01.8,27.2,M,-34.0,M,0,0*69
$GPRMC,041153.500,A,3850.6782,N,07704.5810,W,000.6,064.5,030926,,,A*79
$HRFSSI,-60*
$RFMSGEND*
$RFMSGFROM,17157,35,111,0,0*
$DECOMPRESS,70*
$BAROALT,101658.00,26,-2.7*
$BATMV,3635*
$GPGGA,041154.500,3850.6782,N,07704.5810,W,1,09,01.8,26.8,M,-34.0,M,0,0*65
$GPRMC,041154.500,A,3850.6782,N,07704.5810,W,000.1,064.5,030926,,,A*79
$HRFSSI,-61*
$RFMSGEND*
$RFMSGFROM,17157,35,111,0,0*
$DECOMPRESS,70*
$BAROALT,101657.00,26,-2.7*
$BATMV,3635*
$GPGGA,041155.500,3850.6782,N,07704.5805,W,1,09,01.8,25.8,M,-34.0,M,0,0*63
$GPRMC,041155.500,A,3850.6782,N,07704.5805,W,000.1,065.1,030926,,,A*79
$HRFSSI,-59*
$RFMSGEND*
$RFMSGFROM,17157,35,111,0,0*
$DECOMPRESS,70*
$BAROALT,101663.25,26,-2.8*
$BATMV,3635*
$GPGGA,041156.500,3850.6779,N,07704.5805,W,1,09,01.8,25.4,M,-34.0,M,0,0*68
$GPRMC,041156.500,A,3850.6779,N,07704.5805,W,000.2,064.7,030926,,,A*7A
$HRFSSI,-60*
$RFMSGEND*
$RFMSGFROM,17157,35,111,0,0*
$DECOMPRESS,70*
$BAROALT,101659.50,26,-2.7*
$BATMV,3635*
$GPGGA,041157.500,3850.6777,N,07704.5805,W,1,09,01.8,25.1,M,-34.0,M,0,0*62
$GPRMC,041157.500,A,3850.6777,N,07704.5805,W,000.3,064.7,030926,,,A*74
$HRFSSI,-59*
$RFMSGEND*
$RFMSGFROM,17157,35,111,0,0*
$DECOMPRESS,70*
$BAROALT,101663.50,26,-2.8*
$BATMV,3635*
$GPGGA,041158.500,3850.6774,N,07704.5805,W,1,09,01.8,24.6,M,-34.0,M,0,0*68
$GPRMC,041158.500,A,3850.6774,N,07704.5805,W,000.1,064.7,030926,,,A*7A
$HRFSSI,-57*
$RFMSGEND*
$RFMSGFROM,17157,35,111,0,0*
$DECOMPRESS,70*
$BAROALT,101662.75,26,-2.7*
$BATMV,3628*
$GPGGA,041159.500,3850.6774,N,07704.5805,W,1,09,01.8,23.5,M,-34.0,M,0,0*6D
$GPRMC,041159.500,A,3850.6774,N,07704.5805,W,000.3,064.7,030926,,,A*79
$HRFSSI,-57*
$RFMSGEND*
$RFMSGFROM,17157,35,111,0,0*
$DECOMPRESS,70*
$BAROALT,101660.75,26,-2.7*
$BATMV,3635*
$GPGGA,041200.500,3850.6772,N,07704.5800,W,1,09,01.8,22.4,M,-34.0,M,0,0*61
$GPRMC,041200.500,A,3850.6772,N,07704.5800,W,000.2,064.7,030926,,,A*74
$HRFSSI,-57*
$RFMSGEND*
$RFMSGFROM,17157,35,111,0,0*
$DECOMPRESS,70*
$BAROALT,101658.25,26,-2.7*
$BATMV,3628*
$GPGGA,041201.500,3850.6770,N,07704.5800,W,1,09,01.8,21.5,M,-34.0,M,0,0*60
$GPRMC,041201.500,A,3850.6770,N,07704.5800,W,000.1,064.7,030926,,,A*74
$HRFSSI,-57*
$RFMSGEND*
$RFMSGFROM,17157,35,111,0,0*
$DECOMPRESS,70*
$BAROALT,101658.25,26,-2.7*
$BATMV,3628*
$GPGGA,041202.500,3850.6767,N,07704.5795,W,1,09,01.8,20.1,M,-34.0,M,0,0*63
$GPRMC,041202.500,A,3850.6767,N,07704.5795,W,000.3,064.7,030926,,,A*70
$HRFSSI,-57*
$RFMSGEND*
$RFMSGFROM,17157,35,111,0,0*
$DECOMPRESS,70*
$BAROALT,101656.75,26,-2.7*
$BATMV,3635*
$GPGGA,041203.500,3850.6765,N,07704.5791,W,1,09,01.8,18.9,M,-34.0,M,0,0*67
$GPRMC,041203.500,A,3850.6765,N,07704.5791,W,000.5,064.7,030926,,,A*71
$HRFSSI,-56*
$RFMSGEND*
$RFMSGFROM,17157,35,111,0,0*
$DECOMPRESS,70*
$BAROALT,101658.50,26,-2.7*
$BATMV,3635*
$GPGGA,041204.500,3850.6762,N,07704.5791,W,1,09,01.8,19.1,M,-34.0,M,0,0*6E
$GPRMC,041204.500,A,3850.6762,N,07704.5791,W,000.3,124.5,030926,,,A*70
$HRFSSI,-56*
$RFMSGEND*
$RFMSGFROM,17157,35,111,0,0*
$DECOMPRESS,70*
$BAROALT,101662.50,26,-2.7*
$BATMV,3635*
$GPGGA,041205.500,3850.6760,N,07704.5791,W,1,08,01.3,18.4,M,-34.0,M,0,0*63
$GPRMC,041205.500,A,3850.6760,N,07704.5791,W,000.6,182.8,030926,,,A*77
$HRFSSI,-57*
$RFMSGEND*
$RFMSGFROM,17157,35,111,0,0*
$DECOMPRESS,70*
$BAROALT,101661.00,26,-2.7*
$BATMV,3635*
$GPGGA,041206.500,3850.6760,N,07704.5791,W,1,08,02.0,17.6,M,-34.0,M,0,0*6D
$GPRMC,041206.500,A,3850.6760,N,07704.5791,W,000.3,182.8,030926,,,A*71
$HRFSSI,-61*
$RFMSGEND*
$RFMSGFROM,17157,35,111,0,0*
$DECOMPRESS,70*
$BAROALT,101663.50,26,-2.8*
$BATMV,3635*
$GPGGA,041207.500,3850.6757,N,07704.5786,W,1,09,01.8,16.9,M,-34.0,M,0,0*6A
$GPRMC,041207.500,A,3850.6757,N,07704.5786,W,000.1,182.8,030926,,,A*70
$HRFSSI,-61*
$RFMSGEND*
$RFMSGFROM,17157,35,111,0,0*
$DECOMPRESS,70*
$BAROALT,101659.25,26,-2.7*
$BATMV,3635*
$GPGGA,041208.500,3850.6755,N,07704.5786,W,1,09,01.8,16.4,M,-34.0,M,0,0*6A
$GPRMC,041208.500,A,3850.6755,N,07704.5786,W,000.1,182.8,030926,,,A*7D
$HRFSSI,-61*
$RFMSGEND*
$RFMSGFROM,17157,35,111,0,0*
$DECOMPRESS,70*
$BAROALT,101662.75,26,-2.7*
$BATMV,3628*
$GPGGA,041209.500,3850.6755,N,07704.5786,W,1,09,01.8,16.1,M,-34.0,M,0,0*6E
$GPRMC,041209.500,A,3850.6755,N,07704.5786,W,000.1,182.8,030926,,,A*7C
$HRFSSI,-61*
$RFMSGEND*
$RFMSGFROM,17157,35,111,0,0*
$DECOMPRESS,70*
$BAROALT,101662.00,26,-2.7*
$BATMV,3635*
$GPGGA,041210.500,3850.6752,N,07704.5786,W,1,09,01.1,15.7,M,-34.0,M,0,0*6D
$GPRMC,041210.500,A,3850.6752,N,07704.5786,W,000.3,182.8,030926,,,A*71
$HRFSSI,-62*
$RFMSGEND*
$RFMSGFROM,17157,35,111,0,0*
$DECOMPRESS,70*
$BAROALT,101659.75,26,-2.7*
$BATMV,3635*
$GPGGA,041211.500,3850.6750,N,07704.5786,W,1,09,01.1,15.3,M,-34.0,M,0,0*6A
$GPRMC,041211.500,A,3850.6750,N,07704.5786,W,000.1,182.8,030926,,,A*70
$HRFSSI,-61*
$RFMSGEND*
$RFMSGFROM,17157,35,111,0,0*
$DECOMPRESS,70*
$BAROALT,101661.75,26,-2.7*
$BATMV,3628*
$GPGGA,041212.500,3850.6748,N,07704.5791,W,1,09,01.1,15.5,M,-34.0,M,0,0*60
$GPRMC,041212.500,A,3850.6748,N,07704.5791,W,000.3,182.8,030926,,,A*7E
$HRFSSI,-61*
$RFMSGEND*
$RFMSGFROM,17157,35,111,0,0*
$DECOMPRESS,70*
$BAROALT,101661.00,26,-2.7*
$BATMV,3628*
$GPGGA,041213.500,3850.6748,N,07704.5791,W,1,09,01.1,15.7,M,-34.0,M,0,0*63
$GPRMC,041213.500,A,3850.6748,N,07704.5791,W,000.1,182.8,030926,,,A*7D
$HRFSSI,-60*
$RFMSGEND*
$RFMSGFROM,17157,35,111,0,0*
$DECOMPRESS,70*
$BAROALT,101660.50,26,-2.7*
$BATMV,3628*
$GPGGA,041214.500,3850.6748,N,07704.5791,W,1,09,01.1,15.9,M,-34.0,M,0,0*6A
$GPRMC,041214.500,A,3850.6748,N,07704.5791,W,000.5,124.3,030926,,,A*79
$HRFSSI,-61*
$RFMSGEND*
$RFMSGFROM,17157,35,111,0,0*
$DECOMPRESS,70*
$BAROALT,101659.75,26,-2.7*
$BATMV,3635*
$GPGGA,041215.500,3850.6748,N,07704.5791,W,1,09,01.1,15.9,M,-34.0,M,0,0*6B
$GPRMC,041215.500,A,3850.6748,N,07704.5791,W,000.0,124.3,030926,,,A*7D
$HRFSSI,-61*
$RFMSGEND*
$RFMSGFROM,17157,35,111,0,0*
$DECOMPRESS,70*
$BAROALT,101663.50,26,-2.8*
$BATMV,3628*
$GPGGA,041216.500,3850.6748,N,07704.5795,W,1,09,01.1,16.5,M,-34.0,M,0,0*63
$GPRMC,041216.500,A,3850.6748,N,07704.5795,W,000.4,124.3,030926,,,A*7E
$HRFSSI,-61*
$RFMSGEND*
$RFMSGFROM,17157,35,111,0,0*
$DECOMPRESS,70*
$BAROALT,101659.00,26,-2.7*
$BATMV,3628*
$GPGGA,041217.500,3850.6748,N,07704.5795,W,1,09,01.1,17.3,M,-34.0,M,0,0*65
$GPRMC,041217.500,A,3850.6748,N,07704.5795,W,000.3,124.3,030926,,,A*78
$HRFSSI,-61*
$RFMSGEND*
$RFMSGFROM,17157,35,111,0,0*
$DECOMPRESS,70*
$BAROALT,101664.75,26,-2.8*
$BATMV,3635*
$GPGGA,041218.500,3850.6748,N,07704.5800,W,1,09,01.1,18.0,M,-34.0,M,0,0*65
$GPRMC,041218.500,A,3850.6748,N,07704.5800,W,000.5,124.3,030926,,,A*72
$HRFSSI,-61*
$RFMSGEND*
$RFMSGFROM,17157,35,111,0,0*
$DECOMPRESS,70*
$BAROALT,101659.75,26,-2.7*
$BATMV,3635*
$GPGGA,041219.500,3850.6750,N,07704.5800,W,1,09,01.1,18.6,M,-34.0,M,0,0*6B
$GPRMC,041219.500,A,3850.6750,N,07704.5800,W,000.0,196.1,030926,,,A*74
$HRFSSI,-60*
$RFMSGEND*
$RFMSGFROM,17157,35,111,0,0*
$DECOMPRESS,70*
$BAROALT,101660.75,26,-2.7*
$BATMV,3635*
$GPGGA,041220.500,3850.6750,N,07704.5805,W,1,09,01.1,18.8,M,-34.0,M,0,0*6A
$GPRMC,041220.500,A,3850.6750,N,07704.5805,W,000.2,231.1,030926,,,A*77
$HRFSSI,-57*
$RFMSGEND*
$RFMSGFROM,17157,35,111,0,0*
$DECOMPRESS,70*
$BAROALT,101660.75,26,-2.7*
$BATMV,3628*
$GPGGA,041221.500,3850.6750,N,07704.5800,W,1,09,01.1,18.9,M,-34.0,M,0,0*6F
$GPRMC,041221.500,A,3850.6750,N,07704.5800,W,000.2,328.3,030926,,,A*78
$HRFSSI,-55*
$RFMSGEND*
$RFMSGFROM,17157,35,111,0,0*
$DECOMPRESS,70*
$BAROALT,101661.75,26,-2.7*
$BATMV,3635*
$GPGGA,041222.500,3850.6752,N,07704.5800,W,1,09,01.1,18.9,M,-34.0,M,0,0*6E
$GPRMC,041222.500,A,3850.6752,N,07704.5800,W,000.2,328.3,030926,,,A*79
$HRFSSI,-56*
$RFMSGEND*
$RFMSGFROM,17157,35,111,0,0*
$DECOMPRESS,70*
$BAROALT,101661.00,26,-2.7*
$BATMV,3628*
$GPGGA,041223.500,3850.6752,N,07704.5800,W,1,09,01.1,19.3,M,-34.0,M,0,0*64
$GPRMC,041223.500,A,3850.6752,N,07704.5800,W,000.0,328.3,030926,,,A*7A
$HRFSSI,-55*
$RFMSGEND*
$RFMSGFROM,17157,35,111,0,0*
$DECOMPRESS,70*
$BAROALT,101663.00,26,-2.8*
$BATMV,3635*
$GPGGA,041224.500,3850.6752,N,07704.5800,W,1,09,01.1,19.4,M,-34.0,M,0,0*64
$GPRMC,041224.500,A,3850.6752,N,07704.5800,W,000.2,328.3,030926,,,A*7F
$HRFSSI,-55*
$RFMSGEND*
$RFMSGFROM,17157,35,111,0,0*
$DECOMPRESS,70*
$BAROALT,101660.25,26,-2.7*
$BATMV,3628*
$GPGGA,041225.500,3850.6755,N,07704.5800,W,1,09,01.1,19.7,M,-34.0,M,0,0*61
$GPRMC,041225.500,A,3850.6755,N,07704.5800,W,000.2,328.3,030926,,,A*79
$HRFSSI,-55*
$RFMSGEND*
$RFMSGFROM,17157,35,111,0,0*
$DECOMPRESS,70*
$BAROALT,101660.25,26,-2.7*
$BATMV,3628*
$GPGGA,041226.500,3850.6755,N,07704.5800,W,1,09,01.1,20.1,M,-34.0,M,0,0*6E
$GPRMC,041226.500,A,3850.6755,N,07704.5800,W,000.0,328.3,030926,,,A*78
$HRFSSI,-55*
$RFMSGEND*
$RFMSGFROM,17157,35,111,0,0*
$DECOMPRESS,70*
$BAROALT,101660.25,26,-2.7*
$BATMV,3635*
$GPGGA,041227.500,3850.6752,N,07704.5805,W,1,09,01.1,20.7,M,-34.0,M,0,0*6B
$GPRMC,041227.500,A,3850.6752,N,07704.5805,W,000.1,328.3,030926,,,A*7A
$HRFSSI,-56*
$RFMSGEND*
$RFMSGFROM,17157,35,111,0,0*
$DECOMPRESS,70*
$BAROALT,101661.25,26,-2.7*
$BATMV,3635*
$GPGGA,041228.500,3850.6752,N,07704.5805,W,1,09,01.1,21.2,M,-34.0,M,0,0*60
$GPRMC,041228.500,A,3850.6752,N,07704.5805,W,000.3,328.3,030926,,,A*77
$HRFSSI,-56*
$RFMSGEND*
$RFMSGFROM,17157,35,111,0,0*
$DECOMPRESS,70*
$BAROALT,101662.25,26,-2.7*
$BATMV,3635*
$GPGGA,041229.500,3850.6752,N,07704.5810,W,1,09,01.1,21.8,M,-34.0,M,0,0*6F
$GPRMC,041229.500,A,3850.6752,N,07704.5810,W,000.2,328.3,030926,,,A*73
$HRFSSI,-55*
$RFMSGEND*
$RFMSGFROM,17157,35,111,0,0*
$DECOMPRESS,70*
$BAROALT,101660.75,26,-2.7*
$BATMV,3628*
$GPGGA,041230.500,3850.6752,N,07704.5810,W,1,09,01.1,22.2,M,-34.0,M,0,0*6E
$GPRMC,041230.500,A,3850.6752,N,07704.5810,W,000.3,328.3,030926,,,A*7A
$HRFSSI,-55*
$RFMSGEND*
$RFMSGFROM,17157,35,111,0,0*
$DECOMPRESS,70*
$BAROALT,101658.00,26,-2.7*
$BATMV,3628*
$GPGGA,041231.500,3850.6752,N,07704.5810,W,1,09,01.8,22.4,M,-34.0,M,0,0*60
$GPRMC,041231.500,A,3850.6752,N,07704.5810,W,000.3,328.3,030926,,,A*7B
$HRFSSI,-55*
$RFMSGEND*
$RFMSGFROM,17157,35,111,0,0*
$DECOMPRESS,70*
$BAROALT,101661.25,26,-2.7*
$BATMV,3628*
$GPGGA,041232.500,3850.6752,N,07704.5810,W,1,09,01.1,22.4,M,-34.0,M,0,0*6A
$GPRMC,041232.500,A,3850.6752,N,07704.5810,W,000.1,328.3,030926,,,A*7A
$HRFSSI,-55*
$RFMSGEND*
$RFMSGFROM,17157,35,111,0,0*
$DECOMPRESS,70*
$BAROALT,101661.75,26,-2.7*
$BATMV,3628*
$GPGGA,041233.500,3850.6750,N,07704.5810,W,1,09,01.1,22.7,M,-34.0,M,0,0*6A
$GPRMC,041233.500,A,3850.6750,N,07704.5810,W,000.2,328.3,030926,,,A*7A
$HRFSSI,-56*
$RFMSGEND*
$RFMSGFROM,17157,35,111,0,0*
$DECOMPRESS,70*
$BAROALT,101661.50,26,-2.7*
$BATMV,3628*
$GPGGA,041234.500,3850.6750,N,07704.5810,W,1,09,01.1,22.5,M,-34.0,M,0,0*6F
$GPRMC,041234.500,A,3850.6750,N,07704.5810,W,000.0,328.3,030926,,,A*7F
$HRFSSI,-56*
$RFMSGEND*
$RFMSGFROM,17157,35,111,0,0*
$DECOMPRESS,70*
$BAROALT,101660.00,26,-2.7*
$BATMV,3635*
$GPGGA,041235.500,3850.6750,N,07704.5810,W,1,09,01.1,22.5,M,-34.0,M,0,0*6E
$GPRMC,041235.500,A,3850.6750,N,07704.5810,W,000.0,328.3,030926,,,A*7E
$HRFSSI,-60*
$RFMSGEND*
$RFMSGFROM,17157,35,111,0,0*
$DECOMPRESS,70*
$BAROALT,101659.50,26,-2.7*
$BATMV,3628*
$GPGGA,041236.500,3850.6750,N,07704.5810,W,1,09,01.8,22.4,M,-34.0,M,0,0*65
$GPRMC,041236.500,A,3850.6750,N,07704.5810,W,000.1,328.3,030926,,,A*7C
$HRFSSI,-59*
$RFMSGEND*
$RFMSGFROM,17157,35,111,0,0*
$DECOMPRESS,70*
$BAROALT,101658.75,26,-2.7*
$BATMV,3628*
$GPGGA,041237.500,3850.6750,N,07704.5810,W,1,09,01.8,22.4,M,-34.0,M,0,0*64
$GPRMC,041237.500,A,3850.6750,N,07704.5810,W,000.6,297.3,030926,,,A*7F
$HRFSSI,-59*
$RFMSGEND*
$RFMSGFROM,17157,35,111,0,0*
$DECOMPRESS,70*
$BAROALT,101661.50,26,-2.7*
$BATMV,3628*
$GPGGA,041238.500,3850.6750,N,07704.5810,W,1,09,01.8,22.2,M,-34.0,M,0,0*6D
$GPRMC,041238.500,A,3850.6750,N,07704.5810,W,000.0,297.3,030926,,,A*76
$HRFSSI,-59*
$RFMSGEND*
$RFMSGFROM,17157,35,111,0,0*
$DECOMPRESS,70*
$BAROALT,101660.50,26,-2.7*
$BATMV,3635*
$GPGGA,041239.500,3850.6750,N,07704.5810,W,1,09,01.1,22.4,M,-34.0,M,0,0*63
$GPRMC,041239.500,A,3850.6750,N,07704.5810,W,000.0,297.3,030926,,,A*77
$HRFSSI,-60*
$RFMSGEND*
$RFMSGFROM,17157,35,111,0,0*
$DECOMPRESS,70*
$BAROALT,101659.75,26,-2.7*
$BATMV,3628*
$GPGGA,041240.500,3850.6750,N,07704.5810,W,1,09,01.1,22.8,M,-34.0,M,0,0*61
$GPRMC,041240.500,A,3850.6750,N,07704.5810,W,000.0,297.3,030926,,,A*79
$HRFSSI,-59*
$RFMSGEND*
$RFMSGFROM,17157,35,111,0,0*
$DECOMPRESS,70*
$BAROALT,101661.25,26,-2.7*
$BATMV,3635*
$GPGGA,041241.500,3850.6750,N,07704.5810,W,1,09,01.1,22.7,M,-34.0,M,0,0*6F
$GPRMC,041241.500,A,3850.6750,N,07704.5810,W,000.1,297.3,030926,,,A*79
$HRFSSI,-59*
$RFMSGEND*
$RFMSGFROM,17157,35,111,0,0*
$DECOMPRESS,70*
$BAROALT,101659.00,26,-2.7*
$BATMV,3628*
$GPGGA,041242.500,3850.6750,N,07704.5810,W,1,09,01.1,22.7,M,-34.0,M,0,0*6C
$GPRMC,041242.500,A,3850.6750,N,07704.5810,W,000.3,297.3,030926,,,A*78
$HRFSSI,-59*
$RFMSGEND*
$RFMSGFROM,17157,35,111,0,0*
$DECOMPRESS,70*
$BAROALT,101658.00,26,-2.7*
$BATMV,3628*
$GPGGA,041243.500,3850.6750,N,07704.5815,W,1,09,01.1,23.0,M,-34.0,M,0,0*6E
$GPRMC,041243.500,A,3850.6750,N,07704.5815,W,000.1,297.3,030926,,,A*7E
$HRFSSI,-59*
$RFMSGEND*
$RFMSGFROM,17157,35,111,0,0*
$DECOMPRESS,70*
$BAROALT,101657.50,26,-2.7*
$BATMV,3628*
$GPGGA,041244.500,3850.6750,N,07704.5810,W,1,09,01.1,22.6,M,-34.0,M,0,0*6B
$GPRMC,041244.500,A,3850.6750,N,07704.5810,W,000.1,297.3,030926,,,A*7C
$HRFSSI,-59*
$RFMSGEND*
$RFMSGFROM,17157,35,111,0,0*
$DECOMPRESS,70*
$BAROALT,101659.75,26,-2.7*
$BATMV,3635*
$GPGGA,041245.500,3850.6750,N,07704.5810,W,1,09,01.1,22.5,M,-34.0,M,0,0*69
$GPRMC,041245.500,A,3850.6750,N,07704.5810,W,000.1,297.3,030926,,,A*7D
$HRFSSI,-60*
$RFMSGEND*
$RFMSGFROM,17157,35,111,0,0*
$DECOMPRESS,70*
$BAROALT,101656.25,26,-2.7*
$BATMV,3635*
$GPGGA,041246.500,3850.6752,N,07704.5810,W,1,09,01.1,22.4,M,-34.0,M,0,0*69
$GPRMC,041246.500,A,3850.6752,N,07704.5810,W,000.2,297.3,030926,,,A*7F
$HRFSSI,-59*
$RFMSGEND*
$RFMSGFROM,17157,35,111,0,0*
$DECOMPRESS,70*
$BAROALT,101658.50,26,-2.7*
$BATMV,3635*
$GPGGA,041247.500,3850.6752,N,07704.5810,W,1,09,01.1,22.0,M,-34.0,M,0,0*6C
$GPRMC,041247.500,A,3850.6752,N,07704.5810,W,000.0,297.3,030926,,,A*7C
$HRFSSI,-59*
$RFMSGEND*
$RFMSGFROM,17157,35,111,0,0*
$DECOMPRESS,70*
$BAROALT,101661.00,26,-2.7*
$BATMV,3628*
$GPGGA,041248.500,3850.6752,N,07704.5810,W,1,09,01.1,21.8,M,-34.0,M,0,0*68
$GPRMC,041248.500,A,3850.6752,N,07704.5810,W,000.0,297.3,030926,,,A*73
$HRFSSI,-60*
$RFMSGEND*
$RFMSGFROM,17157,35,111,0,0*
$DECOMPRESS,70*
$BAROALT,101660.75,26,-2.7*
$BATMV,3628*
$GPGGA,041249.500,3850.6752,N,07704.5810,W,1,09,01.1,21.5,M,-34.0,M,0,0*64
$GPRMC,041249.500,A,3850.6752,N,07704.5810,W,000.1,297.3,030926,,,A*73
$HRFSSI,-60*
$RFMSGEND*
$RFMSGFROM,17157,35,111,0,0*
$DECOMPRESS,70*
$BAROALT,101661.25,26,-2.7*
$BATMV,3635*
$GPGGA,041250.500,3850.6755,N,07704.5810,W,1,09,01.1,21.2,M,-34.0,M,0,0*6C
$GPRMC,041250.500,A,3850.6755,N,07704.5810,W,000.1,297.3,030926,,,A*7C
$HRFSSI,-60*
$RFMSGEND*
$RFMSGFROM,17157,35,111,0,0*
$DECOMPRESS,70*
$BAROALT,101661.25,26,-2.7*
$BATMV,3628*
$GPGGA,041251.500,3850.6755,N,07704.5810,W,1,09,01.8,20.9,M,-34.0,M,0,0*6E
$GPRMC,041251.500,A,3850.6755,N,07704.5810,W,000.0,297.3,030926,,,A*7C
$HRFSSI,-60*
$RFMSGEND*
$RFMSGFROM,17157,35,111,0,0*
$DECOMPRESS,70*
$BAROALT,101663.25,26,-2.8*
$BATMV,3628*
$GPGGA,041252.500,3850.6757,N,07704.5805,W,1,09,01.1,20.5,M,-34.0,M,0,0*6E
$GPRMC,041252.500,A,3850.6757,N,07704.5805,W,000.2,297.3,030926,,,A*7B
$HRFSSI,-59*
$RFMSGEND*
$RFMSGFROM,17157,35,111,0,0*
$DECOMPRESS,70*
$BAROALT,101660.50,26,-2.7*
$BATMV,3628*
$GPGGA,041253.500,3850.6757,N,07704.5800,W,1,09,01.1,19.9,M,-34.0,M,0,0*6C
$GPRMC,041253.500,A,3850.6757,N,07704.5800,W,000.1,297.3,030926,,,A*7C
$HRFSSI,-59*
$RFMSGEND*
$RFMSGFROM,17157,35,111,0,0*
$DECOMPRESS,70*
$BAROALT,101662.50,26,-2.7*
$BATMV,3635*
$GPGGA,041254.500,3850.6757,N,07704.5800,W,1,09,01.1,19.1,M,-34.0,M,0,0*63
$GPRMC,041254.500,A,3850.6757,N,07704.5800,W,000.0,297.3,030926,,,A*7A
$HRFSSI,-59*
$RFMSGEND*
$RFMSGFROM,17157,35,111,0,0*
$DECOMPRESS,70*
$BAROALT,101662.25,26,-2.7*
$BATMV,3628*
$GPGGA,041255.500,3850.6760,N,07704.5795,W,1,09,01.1,18.4,M,-34.0,M,0,0*61
$GPRMC,041255.500,A,3850.6760,N,07704.5795,W,000.3,297.3,030926,,,A*7F
$HRFSSI,-57*
$RFMSGEND*
$RFMSGFROM,17157,35,111,0,0*
$DECOMPRESS,70*
$BAROALT,101660.25,26,-2.7*
$BATMV,3628*
$GPGGA,041256.500,3850.6762,N,07704.5791,W,1,09,01.1,17.8,M,-34.0,M,0,0*67
$GPRMC,041256.500,A,3850.6762,N,07704.5791,W,000.2,353.3,030926,,,A*72
$HRFSSI,-55*
$RFMSGEND*
$RFMSGFROM,17157,35,111,0,0*
$DECOMPRESS,70*
$BAROALT,101661.75,26,-2.7*
$BATMV,3628*
$GPGGA,041257.500,3850.6762,N,07704.5791,W,1,09,01.1,17.5,M,-34.0,M,0,0*6B
$GPRMC,041257.500,A,3850.6762,N,07704.5791,W,000.2,353.3,030926,,,A*73
$HRFSSI,-56*
$RFMSGEND*
$RFMSGFROM,17157,35,111,0,0*
$DECOMPRESS,70*
$BAROALT,101661.50,26,-2.7*
$BATMV,3628*
$GPGGA,041258.500,3850.6765,N,07704.5791,W,1,09,01.1,17.2,M,-34.0,M,0,0*64
$GPRMC,041258.500,A,3850.6765,N,07704.5791,W,000.2,004.3,030926,,,A*7A
$HRFSSI,-56*
$RFMSGEND*
$RFMSGFROM,17157,35,111,0,0*
$DECOMPRESS,70*
$BAROALT,101659.50,26,-2.7*
$BATMV,3628*
$GPGGA,041259.500,3850.6765,N,07704.5786,W,1,09,01.1,16.7,M,-34.0,M,0,0*67
$GPRMC,041259.500,A,3850.6765,N,07704.5786,W,000.3,004.3,030926,,,A*7C
$HRFSSI,-56*
$RFMSGEND*
$RFMSGFROM,17157,35,111,0,0*
$DECOMPRESS,70*
$BAROALT,101658.00,26,-2.7*
$BATMV,3628*
$GPGGA,041300.500,3850.6765,N,07704.5786,W,1,09,01.1,16.7,M,-34.0,M,0,0*6A
$GPRMC,041300.500,A,3850.6765,N,07704.5786,W,000.0,004.3,030926,,,A*72
$HRFSSI,-56*
$RFMSGEND*
$RFMSGFROM,17157,35,111,0,0*
$DECOMPRESS,70*
$BAROALT,101658.75,26,-2.7*
$BATMV,3635*
$GPGGA,041301.500,3850.6765,N,07704.5786,W,1,09,01.1,16.3,M,-34.0,M,0,0*6F
$GPRMC,041301.500,A,3850.6765,N,07704.5786,W,000.2,004.3,030926,,,A*71
$HRFSSI,-56*
$RFMSGEND*
$RFMSGFROM,17157,35,111,0,0*
$DECOMPRESS,70*
$BAROALT,101660.00,26,-2.7*
$BATMV,3628*
$GPGGA,041302.500,3850.6765,N,07704.5781,W,1,09,01.1,15.3,M,-34.0,M,0,0*68
$GPRMC,041302.500,A,3850.6765,N,07704.5781,W,000.3,004.3,030926,,,A*74
$HRFSSI,-56*
$RFMSGEND*
$RFMSGFROM,17157,35,111,0,0*
$DECOMPRESS,70*
$BAROALT,101658.25,26,-2.7*
$BATMV,3628*
$GPGGA,041303.500,3850.6765,N,07704.5781,W,1,09,01.1,15.0,M,-34.0,M,0,0*6A
$GPRMC,041303.500,A,3850.6765,N,07704.5781,W,000.5,021.7,030926,,,A*70
$HRFSSI,-56*
$RFMSGEND*
$RFMSGFROM,17157,35,111,0,0*
$DECOMPRESS,70*
$BAROALT,101660.75,26,-2.7*
$BATMV,3635*
$GPGGA,041304.500,3850.6765,N,07704.5781,W,1,09,01.1,14.8,M,-34.0,M,0,0*64
$GPRMC,041304.500,A,3850.6765,N,07704.5781,W,000.0,021.7,030926,,,A*72
$HRFSSI,-57*
$RFMSGEND*
$RFMSGFROM,17157,35,111,0,0*
$DECOMPRESS,70*
$BAROALT,101660.25,26,-2.7*
$BATMV,3635*
$GPGGA,041305.500,3850.6767,N,07704.5776,W,1,09,01.1,14.5,M,-34.0,M,0,0*62
$GPRMC,041305.500,A,3850.6767,N,07704.5776,W,000.1,021.7,030926,,,A*78
$HRFSSI,-57*
$RFMSGEND*
$RFMSGFROM,17157,35,111,0,0*
$DECOMPRESS,70*
$BAROALT,101660.75,26,-2.7*
$BATMV,3628*
$GPGGA,041306.500,3850.6767,N,07704.5776,W,1,09,01.1,14.3,M,-34.0,M,0,0*67
$GPRMC,041306.500,A,3850.6767,N,07704.5776,W,000.1,021.7,030926,,,A*7B
$HRFSSI,-56*
$RFMSGEND*
$RFMSGFROM,17157,35,111,0,0*
$DECOMPRESS,70*
$BAROALT,101660.75,26,-2.7*
$BATMV,3628*
$GPGGA,041307.500,3850.6767,N,07704.5776,W,1,09,01.1,13.8,M,-34.0,M,0,0*6A
$GPRMC,041307.500,A,3850.6767,N,07704.5776,W,000.1,021.7,030926,,,A*7A
$HRFSSI,-56*
$RFMSGEND*
$RFMSGFROM,17157,35,111,0,0*
$DECOMPRESS,70*
$BAROALT,101658.75,26,-2.7*
$BATMV,3628*
$GPGGA,041308.500,3850.6767,N,07704.5776,W,1,09,01.1,14.1,M,-34.0,M,0,0*6B
$GPRMC,041308.500,A,3850.6767,N,07704.5776,W,000.5,021.7,030926,,,A*71
$HRFSSI,-59*
$RFMSGEND*
$RFMSGFROM,17157,35,111,0,0*
$DECOMPRESS,70*
$BAROALT,101659.25,26,-2.7*
$BATMV,3628*
$GPGGA,041309.500,3850.6767,N,07704.5771,W,1,09,01.1,13.4,M,-34.0,M,0,0*6F
$GPRMC,041309.500,A,3850.6767,N,07704.5771,W,000.2,021.7,030926,,,A*70
$HRFSSI,-58*
$RFMSGEND*
$RFMSGFROM,17157,35,111,0,0*
$DECOMPRESS,70*
$BAROALT,101654.75,26,-2.7*
$BATMV,3628*
$GPGGA,041310.500,3850.6767,N,07704.5771,W,1,09,01.1,12.7,M,-34.0,M,0,0*65
$GPRMC,041310.500,A,3850.6767,N,07704.5771,W,000.3,021.7,030926,,,A*79
$HRFSSI,-55*
$RFMSGEND*
$RFMSGFROM,17157,35,111,0,0*
$DECOMPRESS,70*
$BAROALT,101658.75,26,-2.7*
$BATMV,3628*
$GPGGA,041311.500,3850.6767,N,07704.5766,W,1,09,01.1,12.2,M,-34.0,M,0,0*67
$GPRMC,041311.500,A,3850.6767,N,07704.5766,W,000.1,021.7,030926,,,A*7C
$HRFSSI,-58*
$RFMSGEND*
$RFMSGFROM,17157,35,111,0,0*
$DECOMPRESS,70*
$BAROALT,101656.75,26,-2.7*
$BATMV,3628*
$GPGGA,041312.500,3850.6770,N,07704.5766,W,1,09,01.1,12.1,M,-34.0,M,0,0*61
$GPRMC,041312.500,A,3850.6770,N,07704.5766,W,000.0,021.7,030926,,,A*78
$HRFSSI,-58*
$RFMSGEND*
$RFMSGFROM,17157,35,111,0,0*
$DECOMPRESS,70*
$BAROALT,101663.25,26,-2.8*
$BATMV,3628*
$GPGGA,041313.500,3850.6767,N,07704.5766,W,1,09,01.1,12.0,M,-34.0,M,0,0*67
$GPRMC,041313.500,A,3850.6767,N,07704.5766,W,000.3,021.7,030926,,,A*7C
$HRFSSI,-58*
$RFMSGEND*
$RFMSGFROM,17157,35,111,0,0*
$DECOMPRESS,70*
$BAROALT,101659.75,26,-2.7*
$BATMV,3628*
$GPGGA,041314.500,3850.6767,N,07704.5766,W,1,09,01.1,11.9,M,-34.0,M,0,0*6A
$GPRMC,041314.500,A,3850.6767,N,07704.5766,W,000.2,021.7,030926,,,A*7A
$HRFSSI,-57*
$RFMSGEND*
$RFMSGFROM,17157,35,111,0,0*
$DECOMPRESS,70*
$BAROALT,101657.75,26,-2.7*
$BATMV,3628*
$GPGGA,041315.500,3850.6767,N,07704.5761,W,1,09,01.1,11.3,M,-34.0,M,0,0*66
$GPRMC,041315.500,A,3850.6767,N,07704.5761,W,000.1,021.7,030926,,,A*7F
$HRFSSI,-58*
$RFMSGEND*
$RFMSGFROM,17157,35,111,0,0*
$DECOMPRESS,70*
$BAROALT,101659.25,26,-2.7*
$BATMV,3628*
$GPGGA,041316.500,3850.6770,N,07704.5761,W,1,09,01.1,11.2,M,-34.0,M,0,0*62
$GPRMC,041316.500,A,3850.6770,N,07704.5761,W,000.4,021.7,030926,,,A*7F
$HRFSSI,-57*
$RFMSGEND*
$RFMSGFROM,17157,35,111,0,0*
$DECOMPRESS,70*
$BAROALT,101662.75,26,-2.7*
$BATMV,3628*
$GPGGA,041317.500,3850.6770,N,07704.5761,W,1,09,01.1,11.0,M,-34.0,M,0,0*61
$GPRMC,041317.500,A,3850.6770,N,07704.5761,W,000.1,021.7,030926,,,A*7B
$HRFSSI,-57*
$RFMSGEND*
$RFMSGFROM,17157,35,111,0,0*
$DECOMPRESS,70*
$BAROALT,101659.75,26,-2.7*
$BATMV,3628*
$GPGGA,041318.500,3850.6770,N,07704.5761,W,1,09,01.1,11.3,M,-34.0,M,0,0*6D
$GPRMC,041318.500,A,3850.6770,N,07704.5761,W,000.1,021.7,030926,,,A*74
$HRFSSI,-57*
$RFMSGEND*
$RFMSGFROM,17157,35,111,0,0*
$DECOMPRESS,70*
$BAROALT,101660.00,26,-2.7*
$BATMV,3628*
$GPGGA,041319.500,3850.6770,N,07704.5766,W,1,09,01.1,11.7,M,-34.0,M,0,0*6F
$GPRMC,041319.500,A,3850.6770,N,07704.5766,W,000.1,021.7,030926,,,A*72
$HRFSSI,-57*
$RFMSGEND*
$RFMSGFROM,17157,35,111,0,0*
$DECOMPRESS,70*
$BAROALT,101659.00,26,-2.7*
$BATMV,3628*
$GPGGA,041320.500,3850.6770,N,07704.5766,W,1,09,01.1,12.0,M,-34.0,M,0,0*61
$GPRMC,041320.500,A,3850.6770,N,07704.5766,W,000.1,021.7,030926,,,A*78
$HRFSSI,-57*
$RFMSGEND*
$RFMSGFROM,17157,35,111,0,0*
$DECOMPRESS,70*
$BAROALT,101659.50,26,-2.7*
$BATMV,3635*
$GPGGA,041321.500,3850.6770,N,07704.5766,W,1,09,01.1,12.3,M,-34.0,M,0,0*63
$GPRMC,041321.500,A,3850.6770,N,07704.5766,W,000.2,021.7,030926,,,A*7A
$HRFSSI,-59*
$RFMSGEND*
$RFMSGFROM,17157,35,111,0,0*
$DECOMPRESS,70*
$BAROALT,101659.00,26,-2.7*
$BATMV,3635*
$GPGGA,041322.500,3850.6770,N,07704.5771,W,1,09,01.1,12.4,M,-34.0,M,0,0*61
$GPRMC,041322.500,A,3850.6770,N,07704.5771,W,000.1,021.7,030926,,,A*7C
$HRFSSI,-60*
$RFMSGEND*
$RFMSGFROM,17157,35,111,0,0*
$DECOMPRESS,70*
$BAROALT,101660.50,26,-2.7*
$BATMV,3628*
$GPGGA,041323.500,3850.6770,N,07704.5771,W,1,08,01.2,12.8,M,-34.0,M,0,0*6E
$GPRMC,041323.500,A,3850.6770,N,07704.5771,W,000.3,021.7,030926,,,A*7F
$HRFSSI,-60*
$RFMSGEND*
$RFMSGFROM,17157,35,111,0,0*
$DECOMPRESS,70*
$BAROALT,101660.00,26,-2.7*
$BATMV,3628*
$GPGGA,041324.500,3850.6770,N,07704.5771,W,1,08,01.2,12.7,M,-34.0,M,0,0*66
$GPRMC,041324.500,A,3850.6770,N,07704.5771,W,000.1,021.7,030926,,,A*7A
$HRFSSI,-61*
$RFMSGEND*
$RFMSGFROM,17157,35,111,0,0*
$DECOMPRESS,70*
$BAROALT,101660.25,26,-2.7*
$BATMV,3628*
$GPGGA,041325.500,3850.6770,N,07704.5776,W,1,08,01.2,12.8,M,-34.0,M,0,0*6F
$GPRMC,041325.500,A,3850.6770,N,07704.5776,W,000.0,021.7,030926,,,A*7D
$HRFSSI,-61*
$RFMSGEND*
$RFMSGFROM,17157,35,111,0,0*
$DECOMPRESS,70*
$BAROALT,101656.00,26,-2.7*
$BATMV,3628*
$GPGGA,041326.500,3850.6770,N,07704.5776,W,1,08,01.2,12.9,M,-34.0,M,0,0*6D
$GPRMC,041326.500,A,3850.6770,N,07704.5776,W,000.1,021.7,030926,,,A*7F
$HRFSSI,-61*
$RFMSGEND*
$RFMSGFROM,17157,35,111,0,0*
$DECOMPRESS,70*
$BAROALT,101658.00,26,-2.7*
$BATMV,3635*
$GPGGA,041327.500,3850.6770,N,07704.5776,W,1,08,01.2,12.9,M,-34.0,M,0,0*6C
$GPRMC,041327.500,A,3850.6770,N,07704.5776,W,000.0,021.7,030926,,,A*7F
$HRFSSI,-61*
$RFMSGEND*
$RFMSGFROM,17157,35,111,0,0*
$DECOMPRESS,70*
$BAROALT,101658.50,26,-2.7*
$BATMV,3628*
$GPGGA,041328.500,3850.6770,N,07704.5776,W,1,09,01.2,12.9,M,-34.0,M,0,0*62
$GPRMC,041328.500,A,3850.6770,N,07704.5776,W,000.0,021.7,030926,,,A*70
$HRFSSI,-61*
$RFMSGEND*
$RFMSGFROM,17157,35,111,0,0*
$DECOMPRESS,70*
$BAROALT,101660.00,26,-2.7*
$BATMV,3628*
$GPGGA,041329.500,3850.6770,N,07704.5776,W,1,09,01.2,12.7,M,-34.0,M,0,0*6D
$GPRMC,041329.500,A,3850.6770,N,07704.5776,W,000.0,021.7,030926,,,A*71
$HRFSSI,-61*
$RFMSGEND*
$RFMSGFROM,17157,35,111,0,0*
$DECOMPRESS,70*
$BAROALT,101658.25,26,-2.7*
$BATMV,3628*
$GPGGA,041330.500,3850.6772,N,07704.5781,W,1,09,01.2,12.5,M,-34.0,M,0,0*6D
$GPRMC,041330.500,A,3850.6772,N,07704.5781,W,000.0,021.7,030926,,,A*73
$HRFSSI,-61*
$RFMSGEND*
$RFMSGFROM,17157,35,111,0,0*
$DECOMPRESS,70*
$BAROALT,101656.50,26,-2.7*
$BATMV,3635*
$GPGGA,041331.500,3850.6772,N,07704.5776,W,1,09,01.2,12.3,M,-34.0,M,0,0*62
$GPRMC,041331.500,A,3850.6772,N,07704.5776,W,000.0,021.7,030926,,,A*7A
$HRFSSI,-61*
$RFMSGEND*
$RFMSGFROM,17157,35,111,0,0*
$DECOMPRESS,70*
$BAROALT,101658.25,26,-2.7*
$BATMV,3628*
$GPGGA,041332.500,3850.6774,N,07704.5776,W,1,09,01.2,12.1,M,-34.0,M,0,0*65
$GPRMC,041332.500,A,3850.6774,N,07704.5776,W,000.1,021.7,030926,,,A*7E
$HRFSSI,-56*
$RFMSGEND*
$RFMSGFROM,17157,35,111,0,0*
$DECOMPRESS,70*
$BAROALT,101659.25,26,-2.7*
$BATMV,3628*
$GPGGA,041333.500,3850.6777,N,07704.5776,W,1,09,01.2,12.0,M,-34.0,M,0,0*66
$GPRMC,041333.500,A,3850.6777,N,07704.5776,W,000.2,021.7,030926,,,A*7F
$HRFSSI,-56*
$RFMSGEND*
$RFMSGFROM,17157,35,111,0,0*
$DECOMPRESS,70*
$BAROALT,101660.00,26,-2.7*
$BATMV,3628*
$GPGGA,041335.500,3850.6779,N,07704.5776,W,1,09,01.2,11.9,M,-34.0,M,0,0*64
$GPRMC,041335.500,A,3850.6779,N,07704.5776,W,000.0,021.7,030926,,,A*75
$HRFSSI,-55*
$RFMSGEND*
$RFMSGFROM,17157,35,111,0,0*
$DECOMPRESS,70*
$BAROALT,101659.75,26,-2.7*
$BATMV,3628*
$GPGGA,041336.500,3850.6782,N,07704.5776,W,1,09,01.2,11.8,M,-34.0,M,0,0*62
$GPRMC,041336.500,A,3850.6782,N,07704.5776,W,000.0,021.7,030926,,,A*72
$HRFSSI,-55*
$RFMSGEND*
$RFMSGFROM,17157,35,111,0,0*
$DECOMPRESS,70*
$BAROALT,101663.75,26,-2.8*
$BATMV,3622*
$GPGGA,041337.500,3850.6782,N,07704.5781,W,1,09,01.2,11.9,M,-34.0,M,0,0*6A
$GPRMC,041337.500,A,3850.6782,N,07704.5781,W,000.0,021.7,030926,,,A*7B
$HRFSSI,-55*
$RFMSGEND*
$RFMSGFROM,17157,35,111,0,0*
$DECOMPRESS,70*
$BAROALT,101658.50,26,-2.7*
$BATMV,3628*
$GPGGA,041338.500,3850.6782,N,07704.5781,W,1,09,01.2,11.9,M,-34.0,M,0,0*65
$GPRMC,041338.500,A,3850.6782,N,07704.5781,W,000.0,021.7,030926,,,A*74
$HRFSSI,-55*
$RFMSGEND*
$RFMSGFROM,17157,35,111,0,0*
$DECOMPRESS,70*
$BAROALT,101659.50,26,-2.7*
$BATMV,3628*
$GPGGA,041339.500,3850.6782,N,07704.5781,W,1,09,01.2,11.9,M,-34.0,M,0,0*64
$GPRMC,041339.500,A,3850.6782,N,07704.5781,W,000.0,021.7,030926,,,A*75
$HRFSSI,-55*
$RFMSGEND*
$RFMSGFROM,17157,35,111,0,0*
$DECOMPRESS,70*
$BAROALT,101661.75,26,-2.7*
$BATMV,3628*
$GPGGA,041340.500,3850.6784,N,07704.5781,W,1,09,01.2,11.9,M,-34.0,M,0,0*6C
$GPRMC,041340.500,A,3850.6784,N,07704.5781,W,000.1,021.7,030926,,,A*7C
$HRFSSI,-55*
$RFMSGEND*
$RFMSGFROM,17157,35,111,0,0*
$DECOMPRESS,70*
$BAROALT,101659.50,26,-2.7*
$BATMV,3628*
$GPGGA,041341.500,3850.6784,N,07704.5781,W,1,09,01.2,11.8,M,-34.0,M,0,0*6C
$GPRMC,041341.500,A,3850.6784,N,07704.5781,W,000.0,021.7,030926,,,A*7C
$HRFSSI,-54*
$RFMSGEND*
$RFMSGFROM,17157,35,111,0,0*
$DECOMPRESS,70*
$BAROALT,101658.75,26,-2.7*
$BATMV,3628*
$GPGGA,041342.500,3850.6784,N,07704.5781,W,1,09,01.2,12.0,M,-34.0,M,0,0*64
$GPRMC,041342.500,A,3850.6784,N,07704.5781,W,000.0,021.7,030926,,,A*7F
$HRFSSI,-55*
$RFMSGEND*
$RFMSGFROM,17157,35,111,0,0*
$DECOMPRESS,70*
$BAROALT,101658.50,26,-2.7*
$BATMV,3628*
$GPGGA,041343.500,3850.6787,N,07704.5781,W,1,09,01.2,12.4,M,-34.0,M,0,0*62
$GPRMC,041343.500,A,3850.6787,N,07704.5781,W,000.0,021.7,030926,,,A*7D
$HRFSSI,-55*
$RFMSGEND*
$RFMSGFROM,17157,35,111,0,0*
$DECOMPRESS,70*
$BAROALT,101659.75,26,-2.7*
$BATMV,3635*
$GPGGA,041344.500,3850.6787,N,07704.5781,W,1,09,01.2,12.9,M,-34.0,M,0,0*68
$GPRMC,041344.500,A,3850.6787,N,07704.5781,W,000.0,021.7,030926,,,A*7A
$HRFSSI,-54*
$RFMSGEND*
$RFMSGFROM,17157,35,111,0,0*
$DECOMPRESS,70*
$BAROALT,101659.00,26,-2.7*
$BATMV,3628*
$GPGGA,041345.500,3850.6787,N,07704.5781,W,1,09,01.2,13.3,M,-34.0,M,0,0*62
$GPRMC,041345.500,A,3850.6787,N,07704.5781,W,000.0,021.7,030926,,,A*7B
$HRFSSI,-56*
$RFMSGEND*
$RFMSGFROM,17157,35,111,0,0*
$DECOMPRESS,70*
$BAROALT,101662.00,26,-2.7*
$BATMV,3628*
$GPGGA,041346.500,3850.6787,N,07704.5781,W,1,09,01.2,13.8,M,-34.0,M,0,0*6A
$GPRMC,041346.500,A,3850.6787,N,07704.5781,W,000.0,021.7,030926,,,A*78
$HRFSSI,-55*
$RFMSGEND*
$RFMSGFROM,17157,35,111,0,0*
$DECOMPRESS,70*
$BAROALT,101661.50,26,-2.7*
$BATMV,3628*
$GPGGA,041347.500,3850.6787,N,07704.5786,W,1,09,01.2,14.2,M,-34.0,M,0,0*61
$GPRMC,041347.500,A,3850.6787,N,07704.5786,W,000.0,021.7,030926,,,A*7E
$HRFSSI,-55*
$RFMSGEND*
$RFMSGFROM,17157,35,111,0,0*
$DECOMPRESS,70*
$BAROALT,101657.50,26,-2.7*
$BATMV,3628*
$GPGGA,041348.500,3850.6789,N,07704.5786,W,1,09,01.2,14.6,M,-34.0,M,0,0*64
$GPRMC,041348.500,A,3850.6789,N,07704.5786,W,000.0,021.7,030926,,,A*7F
$HRFSSI,-54*
$RFMSGEND*
$RFMSGFROM,17157,35,111,0,0*
$DECOMPRESS,70*
$BAROALT,101660.00,26,-2.7*
$BATMV,3628*
$GPGGA,041349.500,3850.6789,N,07704.5786,W,1,09,01.2,15.1,M,-34.0,M,0,0*63
$GPRMC,041349.500,A,3850.6789,N,07704.5786,W,000.0,021.7,030926,,,A*7E
$HRFSSI,-55*
$RFMSGEND*
$RFMSGFROM,17157,35,111,0,0*
$DECOMPRESS,70*
$BAROALT,101659.25,26,-2.7*
$BATMV,3628*
$GPGGA,041350.500,3850.6789,N,07704.5786,W,1,09,01.2,15.6,M,-34.0,M,0,0*6C
$GPRMC,041350.500,A,3850.6789,N,07704.5786,W,000.0,021.7,030926,,,A*76
$HRFSSI,-56*
$RFMSGEND*
$RFMSGFROM,17157,35,111,0,0*
$DECOMPRESS,70*
$BAROALT,101659.00,26,-2.7*
$BATMV,3628*
$GPGGA,041351.500,3850.6791,N,07704.5786,W,1,09,01.2,16.0,M,-34.0,M,0,0*61
$GPRMC,041351.500,A,3850.6791,N,07704.5786,W,000.0,021.7,030926,,,A*7E
$HRFSSI,-54*
$RFMSGEND*
$RFMSGFROM,17157,35,111,0,0*
$DECOMPRESS,70*
$BAROALT,101663.75,26,-2.8*
$BATMV,3628*
$GPGGA,041352.500,3850.6791,N,07704.5786,W,1,09,01.2,16.4,M,-34.0,M,0,0*66
$GPRMC,041352.500,A,3850.6791,N,07704.5786,W,000.0,021.7,030926,,,A*7D
$HRFSSI,-57*
$RFMSGEND*
$RFMSGFROM,17157,35,111,0,0*
$DECOMPRESS,70*
$BAROALT,101657.00,26,-2.7*
$BATMV,3628*
$GPGGA,041353.500,3850.6791,N,07704.5786,W,1,08,01.2,16.8,M,-34.0,M,0,0*6A
$GPRMC,041353.500,A,3850.6791,N,07704.5786,W,000.0,021.7,030926,,,A*7C
$HRFSSI,-56*
$RFMSGEND*
$RFMSGFROM,17157,35,111,0,0*
$DECOMPRESS,70*
$BAROALT,101664.50,26,-2.8*
$BATMV,3628*
$GPGGA,041354.500,3850.6794,N,07704.5786,W,1,08,01.2,17.1,M,-34.0,M,0,0*60
$GPRMC,041354.500,A,3850.6794,N,07704.5786,W,000.0,021.7,030926,,,A*7E
$HRFSSI,-57*
$RFMSGEND*
$RFMSGFROM,17157,35,111,0,0*
$DECOMPRESS,70*
$BAROALT,101661.00,26,-2.7*
$BATMV,3628*
$GPGGA,041355.500,3850.6794,N,07704.5786,W,1,09,01.2,17.5,M,-34.0,M,0,0*64
$GPRMC,041355.500,A,3850.6794,N,07704.5786,W,000.0,021.7,030926,,,A*7F
$HRFSSI,-57*
$RFMSGEND*
$RFMSGFROM,17157,35,111,0,0*
$DECOMPRESS,70*
$BAROALT,101659.75,26,-2.7*
$BATMV,3628*
$GPGGA,041356.500,3850.6794,N,07704.5786,W,1,09,01.2,17.9,M,-34.0,M,0,0*6B
$GPRMC,041356.500,A,3850.6794,N,07704.5786,W,000.0,021.7,030926,,,A*7C
$HRFSSI,-57*
$RFMSGEND*
$RFMSGFROM,17157,35,111,0,0*
$DECOMPRESS,70*
$BAROALT,101660.50,26,-2.7*
$BATMV,3628*
$GPGGA,041357.500,3850.6794,N,07704.5786,W,1,09,01.2,18.3,M,-34.0,M,0,0*6F
$GPRMC,041357.500,A,3850.6794,N,07704.5786,W,000.1,021.7,030926,,,A*7C
$HRFSSI,-57*
$RFMSGEND*
$RFMSGFROM,17157,35,111,0,0*
$DECOMPRESS,70*
$BAROALT,101659.50,26,-2.7*
$BATMV,3628*
$GPGGA,041358.500,3850.6794,N,07704.5786,W,1,09,01.2,18.7,M,-34.0,M,0,0*64
$GPRMC,041358.500,A,3850.6794,N,07704.5786,W,000.0,021.7,030926,,,A*72
$HRFSSI,-57*
$RFMSGEND*
$RFMSGFROM,17157,35,111,0,0*
$DECOMPRESS,70*
$BAROALT,101658.25,26,-2.7*
$BATMV,3628*
$GPGGA,041359.500,3850.6794,N,07704.5786,W,1,09,01.2,19.2,M,-34.0,M,0,0*61
$GPRMC,041359.500,A,3850.6794,N,07704.5786,W,000.0,021.7,030926,,,A*73
$HRFSSI,-57*
$RFMSGEND*
$RFMSGFROM,17157,35,111,0,0*
$DECOMPRESS,70*
$BAROALT,101657.75,26,-2.7*
$BATMV,3628*
$GPGGA,041400.500,3850.6794,N,07704.5791,W,1,09,01.2,19.7,M,-34.0,M,0,0*69
$GPRMC,041400.500,A,3850.6794,N,07704.5791,W,000.1,021.7,030926,,,A*7F
$HRFSSI,-56*
$RFMSGEND*
$RFMSGFROM,17157,35,111,0,0*
$DECOMPRESS,70*
$BAROALT,101660.25,26,-2.7*
$BATMV,3628*
$GPGGA,041401.500,3850.6794,N,07704.5791,W,1,09,01.2,20.1,M,-34.0,M,0,0*64
$GPRMC,041401.500,A,3850.6794,N,07704.5791,W,000.0,021.7,030926,,,A*7F
$HRFSSI,-56*
$RFMSGEND*
$RFMSGFROM,17157,35,111,0,0*
$DECOMPRESS,70*
$BAROALT,101661.75,26,-2.7*
$BATMV,3635*
$GPGGA,041402.500,3850.6794,N,07704.5791,W,1,09,01.2,20.6,M,-34.0,M,0,0*60
$GPRMC,041402.500,A,3850.6794,N,07704.5791,W,000.1,021.7,030926,,,A*7D
$HRFSSI,-57*
$RFMSGEND*
$RFMSGFROM,17157,35,111,0,0*
$DECOMPRESS,70*
$BAROALT,101656.50,26,-2.7*
$BATMV,3628*
$GPGGA,041403.500,3850.6794,N,07704.5791,W,1,09,01.2,21.0,M,-34.0,M,0,0*66
$GPRMC,041403.500,A,3850.6794,N,07704.5791,W,000.0,021.7,030926,,,A*7D
$HRFSSI,-56*
$RFMSGEND*
$RFMSGFROM,17157,35,111,0,0*
$DECOMPRESS,70*
$BAROALT,101659.50,26,-2.7*
$BATMV,3628*
$GPGGA,041404.500,3850.6794,N,07704.5791,W,1,09,01.2,21.4,M,-34.0,M,0,0*65
$GPRMC,041404.500,A,3850.6794,N,07704.5791,W,000.0,021.7,030926,,,A*7A
$HRFSSI,-56*
$RFMSGEND*
$RFMSGFROM,17157,35,111,0,0*
$DECOMPRESS,70*
$BAROALT,101659.50,26,-2.7*
$BATMV,3628*
$GPGGA,041405.500,3850.6794,N,07704.5791,W,1,09,01.2,21.9,M,-34.0,M,0,0*69
$GPRMC,041405.500,A,3850.6794,N,07704.5791,W,000.0,021.7,030926,,,A*7B
$HRFSSI,-58*
$RFMSGEND*
$RFMSGFROM,17157,35,111,0,0*
$DECOMPRESS,70*
$BAROALT,101662.50,26,-2.7*
$BATMV,3628*
$GPGGA,041406.500,3850.6794,N,07704.5791,W,1,09,01.2,22.3,M,-34.0,M,0,0*63
$GPRMC,041406.500,A,3850.6794,N,07704.5791,W,000.0,021.7,030926,,,A*78
$HRFSSI,-57*
$RFMSGEND*
$RFMSGFROM,17157,35,111,0,0*
$DECOMPRESS,70*
$BAROALT,101657.75,26,-2.7*
$BATMV,3628*
$GPGGA,041407.500,3850.6794,N,07704.5791,W,1,09,01.2,22.7,M,-34.0,M,0,0*66
$GPRMC,041407.500,A,3850.6794,N,07704.5791,W,000.0,021.7,030926,,,A*79
$HRFSSI,-56*
$RFMSGEND*
$RFMSGFROM,17157,35,111,0,0*
$DECOMPRESS,70*
$BAROALT,101657.25,26,-2.7*
$BATMV,3628*
$GPGGA,041408.500,3850.6794,N,07704.5791,W,1,09,01.2,23.1,M,-34.0,M,0,0*6E
$GPRMC,041408.500,A,3850.6794,N,07704.5791,W,000.0,021.7,030926,,,A*76
$HRFSSI,-56*
$RFMSGEND*
$RFMSGFROM,17157,35,111,0,0*
$DECOMPRESS,70*
$BAROALT,101660.00,26,-2.7*
$BATMV,3628*
$GPGGA,041409.500,3850.6791,N,07704.5795,W,1,09,01.2,23.6,M,-34.0,M,0,0*69
$GPRMC,041409.500,A,3850.6791,N,07704.5795,W,000.0,021.7,030926,,,A*76
$HRFSSI,-57*
$RFMSGEND*
$RFMSGFROM,17157,35,111,0,0*
$DECOMPRESS,70*
$BAROALT,101658.00,26,-2.7*
$BATMV,3628*
$GPGGA,041410.500,3850.6791,N,07704.5795,W,1,09,01.2,23.8,M,-34.0,M,0,0*6F
$GPRMC,041410.500,A,3850.6791,N,07704.5795,W,000.0,021.7,030926,,,A*7E
$HRFSSI,-56*
$RFMSGEND*
$RFMSGFROM,17157,35,111,0,0*
$DECOMPRESS,70*
$BAROALT,101658.75,26,-2.7*
$BATMV,3635*
$GPGGA,041411.500,3850.6791,N,07704.5795,W,1,09,01.2,24.0,M,-34.0,M,0,0*61
$GPRMC,041411.500,A,3850.6791,N,07704.5795,W,000.0,021.7,030926,,,A*7F
$HRFSSI,-56*
$RFMSGEND*
$RFMSGFROM,17157,35,111,0,0*
$DECOMPRESS,70*
$BAROALT,101663.50,26,-2.8*
$BATMV,3628*
$GPGGA,041412.500,3850.6789,N,07704.5795,W,1,09,01.3,24.3,M,-34.0,M,0,0*69
$GPRMC,041412.500,A,3850.6789,N,07704.5795,W,000.0,021.7,030926,,,A*75
$HRFSSI,-57*
$RFMSGEND*
$RFMSGFROM,17157,35,111,0,0*
$DECOMPRESS,70*
$BAROALT,101660.00,26,-2.7*
$BATMV,3628*
$GPGGA,041413.500,3850.6789,N,07704.5795,W,1,09,01.2,24.5,M,-34.0,M,0,0*6F
$GPRMC,041413.500,A,3850.6789,N,07704.5795,W,000.0,021.7,030926,,,A*74
$HRFSSI,-57*
$RFMSGEND*
$RFMSGFROM,17157,35,111,0,0*
$DECOMPRESS,70*
$BAROALT,101662.50,26,-2.7*
$BATMV,3635*
$GPGGA,041414.500,3850.6789,N,07704.5795,W,1,09,01.2,24.8,M,-34.0,M,0,0*65
$GPRMC,041414.500,A,3850.6789,N,07704.5795,W,000.0,021.7,030926,,,A*73
$HRFSSI,-56*
$RFMSGEND*
$RFMSGFROM,17157,35,111,0,0*
$DECOMPRESS,70*
$BAROALT,101663.00,26,-2.8*
$BATMV,3628*
$GPGGA,041415.500,3850.6787,N,07704.5800,W,1,09,01.1,25.0,M,-34.0,M,0,0*63
$GPRMC,041415.500,A,3850.6787,N,07704.5800,W,000.0,021.7,030926,,,A*7F
$HRFSSI,-57*
$RFMSGEND*
$RFMSGFROM,17157,35,111,0,0*
$DECOMPRESS,70*
$BAROALT,101659.25,26,-2.7*
$BATMV,3628*
$GPGGA,041416.500,3850.6787,N,07704.5800,W,1,09,01.2,25.2,M,-34.0,M,0,0*61
$GPRMC,041416.500,A,3850.6787,N,07704.5800,W,000.0,021.7,030926,,,A*7C
$HRFSSI,-57*
$RFMSGEND*
$RFMSGFROM,17157,35,111,0,0*
$DECOMPRESS,70*
$BAROALT,101659.25,26,-2.7*
$BATMV,3628*
$GPGGA,041417.500,3850.6787,N,07704.5800,W,1,09,01.2,25.4,M,-34.0,M,0,0*66
$GPRMC,041417.500,A,3850.6787,N,07704.5800,W,000.0,021.7,030926,,,A*7D
$HRFSSI,-57*
$RFMSGEND*
$RFMSGFROM,17157,35,111,0,0*
$DECOMPRESS,70*
$BAROALT,101660.75,26,-2.7*
$BATMV,3635*
$GPGGA,041418.500,3850.6787,N,07704.5800,W,1,09,01.1,25.6,M,-34.0,M,0,0*68
$GPRMC,041418.500,A,3850.6787,N,07704.5800,W,000.1,021.7,030926,,,A*73
$HRFSSI,-57*
$RFMSGEND*
$RFMSGFROM,17157,35,111,0,0*
$DECOMPRESS,70*
$BAROALT,101659.25,26,-2.7*
$BATMV,3628*
$GPGGA,041419.500,3850.6784,N,07704.5800,W,1,09,01.1,25.8,M,-34.0,M,0,0*64
$GPRMC,041419.500,A,3850.6784,N,07704.5800,W,000.0,021.7,030926,,,A*70
$HRFSSI,-57*
$RFMSGEND*
$RFMSGFROM,17157,35,111,0,0*
$DECOMPRESS,70*
$BAROALT,101659.50,26,-2.7*
$BATMV,3628*
$GPGGA,041420.500,3850.6784,N,07704.5800,W,1,09,01.1,25.8,M,-34.0,M,0,0*6E
$GPRMC,041420.500,A,3850.6784,N,07704.5800,W,000.0,021.7,030926,,,A*7A
$HRFSSI,-55*
$RFMSGEND*
$RFMSGFROM,17157,35,111,0,0*
$DECOMPRESS,70*
$BAROALT,101660.50,26,-2.7*
$BATMV,3628*
$GPGGA,041421.500,3850.6784,N,07704.5800,W,1,09,01.1,25.7,M,-34.0,M,0,0*60
$GPRMC,041421.500,A,3850.6784,N,07704.5800,W,000.0,021.7,030926,,,A*7B
$HRFSSI,-53*
$RFMSGEND*
$RFMSGFROM,17157,35,111,0,0*
$DECOMPRESS,70*
$BAROALT,101661.75,26,-2.7*
$BATMV,3628*
$GPGGA,041422.500,3850.6784,N,07704.5800,W,1,09,01.2,25.5,M,-34.0,M,0,0*62
$GPRMC,041422.500,A,3850.6784,N,07704.5800,W,000.0,021.7,030926,,,A*78
$HRFSSI,-55*
$RFMSGEND*
$RFMSGFROM,17157,35,111,0,0*
$DECOMPRESS,70*
$BAROALT,101660.50,26,-2.7*
$BATMV,3635*
$GPGGA,041423.500,3850.6784,N,07704.5800,W,1,09,01.1,25.5,M,-34.0,M,0,0*60
$GPRMC,041423.500,A,3850.6784,N,07704.5800,W,000.1,021.7,030926,,,A*78
$HRFSSI,-55*
$RFMSGEND*
$RFMSGFROM,17157,35,111,0,0*
$DECOMPRESS,70*
$BAROALT,101659.00,26,-2.7*
$BATMV,3628*
$GPGGA,041424.500,3850.6782,N,07704.5800,W,1,09,01.1,25.4,M,-34.0,M,0,0*60
$GPRMC,041424.500,A,3850.6782,N,07704.5800,W,000.0,021.7,030926,,,A*78
$HRFSSI,-56*
$RFMSGEND*
$RFMSGFROM,17157,35,111,0,0*
$DECOMPRESS,70*
$BAROALT,101657.75,26,-2.7*
$BATMV,3628*
$GPGGA,041425.500,3850.6782,N,07704.5800,W,1,09,01.2,25.5,M,-34.0,M,0,0*63
$GPRMC,041425.500,A,3850.6782,N,07704.5800,W,000.2,021.7,030926,,,A*7B
$HRFSSI,-58*
$RFMSGEND*
$RFMSGFROM,17157,35,111,0,0*
$DECOMPRESS,70*
$BAROALT,101662.00,26,-2.7*
$BATMV,3628*
$GPGGA,041426.500,3850.6782,N,07704.5800,W,1,09,01.2,25.7,M,-34.0,M,0,0*62
$GPRMC,041426.500,A,3850.6782,N,07704.5800,W,000.0,021.7,030926,,,A*7A
$HRFSSI,-57*
$RFMSGEND*
$RFMSGFROM,17157,35,111,0,0*
$DECOMPRESS,70*
$BAROALT,101659.50,26,-2.7*
$BATMV,3628*
$GPGGA,041427.500,3850.6779,N,07704.5805,W,1,09,01.2,25.6,M,-34.0,M,0,0*63
$GPRMC,041427.500,A,3850.6779,N,07704.5805,W,000.2,021.7,030926,,,A*78
$HRFSSI,-57*
$RFMSGEND*
$RFMSGFROM,17157,35,111,0,0*
$DECOMPRESS,70*
$BAROALT,101662.00,26,-2.7*
$BATMV,3628*
$GPGGA,041428.500,3850.6779,N,07704.5805,W,1,09,01.2,25.6,M,-34.0,M,0,0*6C
$GPRMC,041428.500,A,3850.6779,N,07704.5805,W,000.1,021.7,030926,,,A*74
$HRFSSI,-58*
$RFMSGEND*
$RFMSGFROM,17157,35,111,0,0*
$DECOMPRESS,70*
$BAROALT,101659.75,26,-2.7*
$BATMV,3628*
$GPGGA,041429.500,3850.6774,N,07704.5805,W,1,09,01.2,25.6,M,-34.0,M,0,0*60
$GPRMC,041429.500,A,3850.6774,N,07704.5805,W,000.0,021.7,030926,,,A*79
$HRFSSI,-56*
$RFMSGEND*
$RFMSGFROM,17157,35,111,0,0*
$DECOMPRESS,70*
$BAROALT,101659.75,26,-2.7*
$BATMV,3628*
$GPGGA,041430.500,3850.6772,N,07704.5810,W,1,09,01.1,25.5,M,-34.0,M,0,0*6A
$GPRMC,041430.500,A,3850.6772,N,07704.5810,W,000.1,021.7,030926,,,A*72
$HRFSSI,-56*
$RFMSGEND*
$RFMSGFROM,17157,35,111,0,0*
$DECOMPRESS,70*
$BAROALT,101663.00,26,-2.8*
$BATMV,3628*
$GPGGA,041431.500,3850.6770,N,07704.5810,W,1,09,01.1,25.2,M,-34.0,M,0,0*6E
$GPRMC,041431.500,A,3850.6770,N,07704.5810,W,000.1,021.7,030926,,,A*71
$HRFSSI,-56*
$RFMSGEND*
$RFMSGFROM,17157,35,111,0,0*
$DECOMPRESS,70*
$BAROALT,101661.25,26,-2.7*
$BATMV,3622*
$GPGGA,041432.500,3850.6765,N,07704.5810,W,1,09,01.1,24.8,M,-34.0,M,0,0*62
$GPRMC,041432.500,A,3850.6765,N,07704.5810,W,000.2,021.7,030926,,,A*75
$HRFSSI,-57*
$RFMSGEND*
$RFMSGFROM,17157,35,111,0,0*
$DECOMPRESS,70*
$BAROALT,101658.00,26,-2.7*
$BATMV,3628*
$GPGGA,041433.500,3850.6760,N,07704.5815,W,1,09,01.1,24.2,M,-34.0,M,0,0*69
$GPRMC,041433.500,A,3850.6760,N,07704.5815,W,000.1,021.7,030926,,,A*77
$HRFSSI,-61*
$RFMSGEND*
$RFMSGFROM,17157,35,111,0,0*
$DECOMPRESS,70*
$BAROALT,101661.00,26,-2.7*
$BATMV,3622*
$GPGGA,041434.500,3850.6755,N,07704.5815,W,1,09,01.1,23.6,M,-34.0,M,0,0*6B
$GPRMC,041434.500,A,3850.6755,N,07704.5815,W,000.1,021.7,030926,,,A*76
$HRFSSI,-58*
$RFMSGEND*
$RFMSGFROM,17157,35,111,0,0*
$DECOMPRESS,70*
$BAROALT,101658.75,26,-2.7*
$BATMV,3628*
$GPGGA,041435.500,3850.6752,N,07704.5815,W,1,09,01.1,23.2,M,-34.0,M,0,0*69
$GPRMC,041435.500,A,3850.6752,N,07704.5815,W,000.1,021.7,030926,,,A*70
$HRFSSI,-71*
$RFMSGEND*
$RFMSGFROM,17157,35,111,0,0*
$DECOMPRESS,70*
$BAROALT,101661.50,26,-2.7*
$BATMV,3628*
$GPGGA,041436.500,3850.6750,N,07704.5815,W,1,09,01.1,22.9,M,-34.0,M,0,0*62
$GPRMC,041436.500,A,3850.6750,N,07704.5815,W,000.0,021.7,030926,,,A*70
$HRFSSI,-56*
$RFMSGEND*
$RFMSGFROM,17157,35,111,0,0*
$DECOMPRESS,70*
$BAROALT,101660.75,26,-2.7*
$BATMV,3622*
$GPGGA,041437.500,3850.6748,N,07704.5815,W,1,09,01.1,22.3,M,-34.0,M,0,0*60
$GPRMC,041437.500,A,3850.6748,N,07704.5815,W,000.1,021.7,030926,,,A*79
$HRFSSI,-57*
$RFMSGEND*
$RFMSGFROM,17157,35,111,0,0*
$DECOMPRESS,70*
$BAROALT,101656.25,26,-2.7*
$BATMV,3628*
$GPGGA,041438.500,3850.6745,N,07704.5815,W,1,09,01.1,21.9,M,-34.0,M,0,0*6B
$GPRMC,041438.500,A,3850.6745,N,07704.5815,W,000.1,021.7,030926,,,A*7B
$HRFSSI,-56*
$RFMSGEND*
$RFMSGFROM,17157,35,111,0,0*
$DECOMPRESS,70*
$BAROALT,101662.50,26,-2.7*
$BATMV,3628*
$GPGGA,041439.500,3850.6743,N,07704.5815,W,1,09,01.1,21.5,M,-34.0,M,0,0*60
$GPRMC,041439.500,A,3850.6743,N,07704.5815,W,000.0,021.7,030926,,,A*7D
$HRFSSI,-56*
$RFMSGEND*
$RFMSGFROM,17157,35,111,0,0*
$DECOMPRESS,70*
$BAROALT,101663.25,26,-2.8*
$BATMV,3628*
$GPGGA,041440.500,3850.6743,N,07704.5815,W,1,09,01.1,21.2,M,-34.0,M,0,0*69
$GPRMC,041440.500,A,3850.6743,N,07704.5815,W,000.0,021.7,030926,,,A*73
$HRFSSI,-56*
$RFMSGEND*
$RFMSGFROM,17157,35,111,0,0*
$DECOMPRESS,70*
$BAROALT,101659.25,26,-2.7*
$BATMV,3628*
$GPGGA,041441.500,3850.6743,N,07704.5815,W,1,09,01.1,21.0,M,-34.0,M,0,0*6A
$GPRMC,041441.500,A,3850.6743,N,07704.5815,W,000.0,021.7,030926,,,A*72
$HRFSSI,-56*
$RFMSGEND*
$RFMSGFROM,17157,35,111,0,0*
$DECOMPRESS,70*
$BAROALT,101660.25,26,-2.7*
$BATMV,3628*
$GPGGA,041442.500,3850.6743,N,07704.5815,W,1,09,01.1,20.5,M,-34.0,M,0,0*6D
$GPRMC,041442.500,A,3850.6743,N,07704.5815,W,000.0,021.7,030926,,,A*71
$HRFSSI,-54*
$RFMSGEND*
$RFMSGFROM,17157,35,111,0,0*
$DECOMPRESS,70*
$BAROALT,101659.00,26,-2.7*
$BATMV,3628*
$GPGGA,041443.500,3850.6740,N,07704.5815,W,1,09,01.1,20.2,M,-34.0,M,0,0*68
$GPRMC,041443.500,A,3850.6740,N,07704.5815,W,000.0,021.7,030926,,,A*73
$HRFSSI,-55*
$RFMSGEND*
$RFMSGFROM,17157,35,111,0,0*
$DECOMPRESS,70*
$BAROALT,101659.50,26,-2.7*
$BATMV,3628*
$GPGGA,041444.500,3850.6740,N,07704.5815,W,1,09,01.1,19.9,M,-34.0,M,0,0*6E
$GPRMC,041444.500,A,3850.6740,N,07704.5815,W,000.1,021.7,030926,,,A*75
$HRFSSI,-56*
$RFMSGEND*
$RFMSGFROM,17157,35,111,0,0*
$DECOMPRESS,70*
$BAROALT,101659.25,26,-2.7*
$BATMV,3628*
$GPGGA,041445.500,3850.6740,N,07704.5810,W,1,09,01.1,19.6,M,-34.0,M,0,0*65
$GPRMC,041445.500,A,3850.6740,N,07704.5810,W,000.0,021.7,030926,,,A*70
$HRFSSI,-55*
$RFMSGEND*
$RFMSGFROM,17157,35,111,0,0*
$DECOMPRESS,70*
$BAROALT,101663.00,26,-2.8*
$BATMV,3628*
$GPGGA,041446.500,3850.6740,N,07704.5810,W,1,09,01.1,19.2,M,-34.0,M,0,0*62
$GPRMC,041446.500,A,3850.6740,N,07704.5810,W,000.0,021.7,030926,,,A*73
$HRFSSI,-54*
$RFMSGEND*
$RFMSGFROM,17157,35,111,0,0*
$DECOMPRESS,70*
$BAROALT,101661.25,26,-2.7*
$BATMV,3628*
$GPGGA,041447.500,3850.6740,N,07704.5810,W,1,09,01.1,18.9,M,-34.0,M,0,0*69
$GPRMC,041447.500,A,3850.6740,N,07704.5810,W,000.0,021.7,030926,,,A*72
$HRFSSI,-54*
$RFMSGEND*
$RFMSGFROM,17157,35,111,0,0*
$DECOMPRESS,70*
$BAROALT,101660.00,26,-2.7*
$BATMV,3628*
$GPGGA,041448.500,3850.6740,N,07704.5810,W,1,09,01.1,18.7,M,-34.0,M,0,0*68
$GPRMC,041448.500,A,3850.6740,N,07704.5810,W,000.1,021.7,030926,,,A*7C
$HRFSSI,-54*
$RFMSGEND*
$RFMSGFROM,17157,35,111,0,0*
$DECOMPRESS,70*
$BAROALT,101657.50,26,-2.7*
$BATMV,3622*
$GPGGA,041449.500,3850.6740,N,07704.5810,W,1,09,01.1,18.5,M,-34.0,M,0,0*6B
$GPRMC,041449.500,A,3850.6740,N,07704.5810,W,000.0,021.7,030926,,,A*7C
$HRFSSI,-54*
$RFMSGEND*
$RFMSGFROM,17157,35,111,0,0*
$DECOMPRESS,70*
$BAROALT,101661.50,26,-2.7*
$BATMV,3628*
$GPGGA,041450.500,3850.6738,N,07704.5810,W,1,09,01.1,18.1,M,-34.0,M,0,0*68
$GPRMC,041450.500,A,3850.6738,N,07704.5810,W,000.3,021.7,030926,,,A*78
$HRFSSI,-54*
$RFMSGEND*
$RFMSGFROM,17157,35,111,0,0*
$DECOMPRESS,70*
$BAROALT,101659.25,26,-2.7*
$BATMV,3628*
$GPGGA,041451.500,3850.6740,N,07704.5810,W,1,09,01.1,17.9,M,-34.0,M,0,0*61
$GPRMC,041451.500,A,3850.6740,N,07704.5810,W,000.2,021.7,030926,,,A*77
$HRFSSI,-54*
$RFMSGEND*
$RFMSGFROM,17157,35,111,0,0*
$DECOMPRESS,70*
$BAROALT,101661.75,26,-2.7*
$BATMV,3628*
$GPGGA,041452.500,3850.6740,N,07704.5810,W,1,09,01.1,17.7,M,-34.0,M,0,0*6C
$GPRMC,041452.500,A,3850.6740,N,07704.5810,W,000.2,021.7,030926,,,A*74
$HRFSSI,-54*
$RFMSGEND*
$RFMSGFROM,17157,35,111,0,0*
$DECOMPRESS,70*
$BAROALT,101662.25,26,-2.7*
$BATMV,3628*
$GPGGA,041453.500,3850.6740,N,07704.5810,W,1,09,01.1,17.6,M,-34.0,M,0,0*6C
$GPRMC,041453.500,A,3850.6740,N,07704.5810,W,000.0,021.7,030926,,,A*77
$HRFSSI,-54*
$RFMSGEND*
$RFMSGFROM,17157,35,111,0,0*
$DECOMPRESS,70*
$BAROALT,101659.75,26,-2.7*
$BATMV,3628*
$GPGGA,041454.500,3850.6743,N,07704.5810,W,1,09,01.1,17.5,M,-34.0,M,0,0*6B
$GPRMC,041454.500,A,3850.6743,N,07704.5810,W,000.0,021.7,030926,,,A*73
$HRFSSI,-54*
$RFMSGEND*
$RFMSGFROM,17157,35,111,0,0*
$DECOMPRESS,70*
$BAROALT,101659.00,26,-2.7*
$BATMV,3628*
$GPGGA,041455.500,3850.6743,N,07704.5805,W,1,09,01.1,17.5,M,-34.0,M,0,0*6E
$GPRMC,041455.500,A,3850.6743,N,07704.5805,W,000.0,021.7,030926,,,A*76
$HRFSSI,-55*
$RFMSGEND*
$RFMSGFROM,17157,35,111,0,0*
$DECOMPRESS,70*
$BAROALT,101657.00,26,-2.7*
$BATMV,3628*
$GPGGA,041456.500,3850.6743,N,07704.5805,W,1,09,01.8,17.3,M,-34.0,M,0,0*62
$GPRMC,041456.500,A,3850.6743,N,07704.5805,W,000.0,021.7,030926,,,A*75
$HRFSSI,-55*
$RFMSGEND*
$RFMSGFROM,17157,35,111,0,0*
$DECOMPRESS,70*
$BAROALT,101660.50,26,-2.7*
$BATMV,3628*
$GPGGA,041457.500,3850.6743,N,07704.5805,W,1,09,01.1,17.2,M,-34.0,M,0,0*6B
$GPRMC,041457.500,A,3850.6743,N,07704.5805,W,000.1,021.7,030926,,,A*75
$HRFSSI,-55*
$RFMSGEND*
$RFMSGFROM,17157,35,111,0,0*
$DECOMPRESS,70*
$BAROALT,101659.25,26,-2.7*
$BATMV,3628*
$GPGGA,041458.500,3850.6743,N,07704.5805,W,1,09,01.1,17.0,M,-34.0,M,0,0*66
$GPRMC,041458.500,A,3850.6743,N,07704.5805,W,000.0,021.7,030926,,,A*7B
$HRFSSI,-54*
$RFMSGEND*
$RFMSGFROM,17157,35,111,0,0*
$DECOMPRESS,70*
$BAROALT,101659.75,26,-2.7*
$BATMV,3628*
$GPGGA,041459.500,3850.6743,N,07704.5805,W,1,09,01.1,16.9,M,-34.0,M,0,0*6F
$GPRMC,041459.500,A,3850.6743,N,07704.5805,W,000.1,021.7,030926,,,A*7B
$HRFSSI,-54*
$RFMSGEND*
$RFMSGFROM,17157,35,111,0,0*
$DECOMPRESS,70*
$BAROALT,101657.00,26,-2.7*
$BATMV,3622*
$GPGGA,041500.500,3850.6743,N,07704.5805,W,1,09,01.1,16.7,M,-34.0,M,0,0*6C
$GPRMC,041500.500,A,3850.6743,N,07704.5805,W,000.0,021.7,030926,,,A*77
$HRFSSI,-54*
$RFMSGEND*
$RFMSGFROM,17157,35,111,0,0*
$DECOMPRESS,70*
$BAROALT,101660.25,26,-2.7*
$BATMV,3628*
$GPGGA,041501.500,3850.6743,N,07704.5805,W,1,09,01.1,16.2,M,-34.0,M,0,0*68
$GPRMC,041501.500,A,3850.6743,N,07704.5805,W,000.0,021.7,030926,,,A*76
$HRFSSI,-54*
$RFMSGEND*
$RFMSGFROM,17157,35,111,0,0*
$DECOMPRESS,70*
$BAROALT,101662.25,26,-2.7*
$BATMV,3628*
$GPGGA,041502.500,3850.6743,N,07704.5805,W,1,09,01.1,15.8,M,-34.0,M,0,0*62
$GPRMC,041502.500,A,3850.6743,N,07704.5805,W,000.1,021.7,030926,,,A*74
$HRFSSI,-54*
$RFMSGEND*
$RFMSGFROM,17157,35,111,0,0*
$DECOMPRESS,70*
$BAROALT,101662.50,26,-2.7*
$BATMV,3628*
$GPGGA,041503.500,3850.6743,N,07704.5805,W,1,09,01.1,15.4,M,-34.0,M,0,0*6F
$GPRMC,041503.500,A,3850.6743,N,07704.5805,W,000.0,021.7,030926,,,A*74
$HRFSSI,-54*
$RFMSGEND*
$RFMSGFROM,17157,35,111,0,0*
$DECOMPRESS,70*
$BAROALT,101658.75,26,-2.7*
$BATMV,3628*
$GPGGA,041504.500,3850.6743,N,07704.5805,W,1,09,01.1,15.0,M,-34.0,M,0,0*6C
$GPRMC,041504.500,A,3850.6743,N,07704.5805,W,000.0,021.7,030926,,,A*73
$HRFSSI,-54*
$RFMSGEND*
$RFMSGFROM,17157,35,111,0,0*
$DECOMPRESS,70*
$BAROALT,101658.50,26,-2.7*
$BATMV,3622*
$GPGGA,041505.500,3850.6740,N,07704.5805,W,1,09,01.1,14.6,M,-34.0,M,0,0*69
$GPRMC,041505.500,A,3850.6740,N,07704.5805,W,000.0,021.7,030926,,,A*71
$HRFSSI,-55*
$RFMSGEND*
$RFMSGFROM,17157,35,111,0,0*
$DECOMPRESS,70*
$BAROALT,101663.00,26,-2.8*
$BATMV,3628*
$GPGGA,041506.500,3850.6740,N,07704.5800,W,1,09,01.1,14.1,M,-34.0,M,0,0*68
$GPRMC,041506.500,A,3850.6740,N,07704.5800,W,000.0,021.7,030926,,,A*77
$HRFSSI,-54*
$RFMSGEND*
$RFMSGFROM,17157,35,111,0,0*
$DECOMPRESS,70*
$BAROALT,101662.25,26,-2.7*
$BATMV,3628*
$GPGGA,041507.500,3850.6738,N,07704.5805,W,1,09,01.1,13.7,M,-34.0,M,0,0*62
$GPRMC,041507.500,A,3850.6738,N,07704.5805,W,000.0,021.7,030926,,,A*7C
$HRFSSI,-55*
$RFMSGEND*
$RFMSGFROM,17157,35,111,0,0*
$DECOMPRESS,70*
$BAROALT,101658.25,26,-2.7*
$BATMV,3628*
$GPGGA,041508.500,3850.6735,N,07704.5805,W,1,09,01.1,13.2,M,-34.0,M,0,0*65
$GPRMC,041508.500,A,3850.6735,N,07704.5805,W,000.1,021.7,030926,,,A*7F
$HRFSSI,-54*
$RFMSGEND*
$RFMSGFROM,17157,35,111,0,0*
$DECOMPRESS,70*
$BAROALT,101661.00,26,-2.7*
$BATMV,3622*
$GPGGA,041509.500,3850.6733,N,07704.5805,W,1,09,01.1,12.7,M,-34.0,M,0,0*66
$GPRMC,041509.500,A,3850.6733,N,07704.5805,W,000.0,021.7,030926,,,A*79
$HRFSSI,-55*
$RFMSGEND*
$RFMSGFROM,17157,35,111,0,0*
$DECOMPRESS,70*
$BAROALT,101658.25,26,-2.7*
$BATMV,3628*
$GPGGA,041510.500,3850.6730,N,07704.5805,W,1,09,01.1,12.2,M,-34.0,M,0,0*68
$GPRMC,041510.500,A,3850.6730,N,07704.5805,W,000.0,021.7,030926,,,A*72
$HRFSSI,-54*
$RFMSGEND*
$RFMSGFROM,17157,35,111,0,0*
$DECOMPRESS,70*
$BAROALT,101661.00,26,-2.7*
$BATMV,3622*
$GPGGA,041511.500,3850.6730,N,07704.5805,W,1,09,01.1,11.7,M,-34.0,M,0,0*6F
$GPRMC,041511.500,A,3850.6730,N,07704.5805,W,000.1,021.7,030926,,,A*72
$HRFSSI,-55*
$RFMSGEND*
$RFMSGFROM,17157,35,111,0,0*
$DECOMPRESS,70*
$BAROALT,101660.50,26,-2.7*
$BATMV,3628*
$GPGGA,041512.500,3850.6728,N,07704.5805,W,1,09,01.1,11.1,M,-34.0,M,0,0*63
$GPRMC,041512.500,A,3850.6728,N,07704.5805,W,000.0,021.7,030926,,,A*79
$HRFSSI,-55*
$RFMSGEND*
$RFMSGFROM,17157,35,111,0,0*
$DECOMPRESS,70*
$BAROALT,101658.25,26,-2.7*
$BATMV,3622*
$GPGGA,041513.500,3850.6726,N,07704.5805,W,1,09,01.8,10.5,M,-34.0,M,0,0*60
$GPRMC,041513.500,A,3850.6726,N,07704.5805,W,000.0,021.7,030926,,,A*76
$HRFSSI,-54*
$RFMSGEND*
$RFMSGFROM,17157,35,111,0,0*
$DECOMPRESS,70*
$BAROALT,101662.50,26,-2.7*
$BATMV,3622*
$GPGGA,041514.500,3850.6726,N,07704.5805,W,1,09,01.8,10.0,M,-34.0,M,0,0*62
$GPRMC,041514.500,A,3850.6726,N,07704.5805,W,000.0,021.7,030926,,,A*71
$HRFSSI,-54*
$RFMSGEND*
$RFMSGFROM,17157,35,111,0,0*
$DECOMPRESS,70*
$BAROALT,101662.75,26,-2.7*
$BATMV,3628*
$GPGGA,041515.500,3850.6723,N,07704.5805,W,1,09,01.8,09.4,M,-34.0,M,0,0*6A
$GPRMC,041515.500,A,3850.6723,N,07704.5805,W,000.0,021.7,030926,,,A*75
$HRFSSI,-55*
$RFMSGEND*
$RFMSGFROM,17157,35,111,0,0*
$DECOMPRESS,70*
$BAROALT,101660.75,26,-2.7*
$BATMV,3628*
$GPGGA,041516.500,3850.6723,N,07704.5800,W,1,09,01.8,08.9,M,-34.0,M,0,0*60
$GPRMC,041516.500,A,3850.6723,N,07704.5800,W,000.1,021.7,030926,,,A*72
$HRFSSI,-55*
$RFMSGEND*
$RFMSGFROM,17157,35,111,0,0*
$DECOMPRESS,70*
$BAROALT,101658.25,26,-2.7*
$BATMV,3635*
$GPGGA,041517.500,3850.6721,N,07704.5800,W,1,09,01.8,08.3,M,-34.0,M,0,0*69
$GPRMC,041517.500,A,3850.6721,N,07704.5800,W,000.0,021.7,030926,,,A*70
$HRFSSI,-55*
$RFMSGEND*
$RFMSGFROM,17157,35,111,0,0*
$DECOMPRESS,70*
$BAROALT,101657.25,26,-2.7*
$BATMV,3622*
$GPGGA,041518.500,3850.6721,N,07704.5800,W,1,09,01.8,07.9,M,-34.0,M,0,0*63
$GPRMC,041518.500,A,3850.6721,N,07704.5800,W,000.0,021.7,030926,,,A*7F
$HRFSSI,-55*
$RFMSGEND*
$RFMSGFROM,17157,35,111,0,0*
$DECOMPRESS,70*
$BAROALT,101661.25,26,-2.7*
$BATMV,3622*
$GPGGA,041519.500,3850.6721,N,07704.5800,W,1,09,01.8,07.7,M,-34.0,M,0,0*6C
$GPRMC,041519.500,A,3850.6721,N,07704.5800,W,000.1,021.7,030926,,,A*7F
$HRFSSI,-55*
$RFMSGEND*
$RFMSGFROM,17157,35,111,0,0*
$DECOMPRESS,70*
$BAROALT,101659.00,26,-2.7*
$BATMV,3628*
$GPGGA,041520.500,3850.6721,N,07704.5800,W,1,09,01.8,07.2,M,-34.0,M,0,0*63
$GPRMC,041520.500,A,3850.6721,N,07704.5800,W,000.0,021.7,030926,,,A*74
$HRFSSI,-54*
$RFMSGEND*
$RFMSGFROM,17157,35,111,0,0*
$DECOMPRESS,70*
$BAROALT,101660.75,26,-2.7*
$BATMV,3628*
$GPGGA,041521.500,3850.6716,N,07704.5800,W,1,09,01.8,06.4,M,-34.0,M,0,0*61
$GPRMC,041521.500,A,3850.6716,N,07704.5800,W,000.1,021.7,030926,,,A*70
$HRFSSI,-55*
$RFMSGEND*
$RFMSGFROM,17157,35,111,0,0*
$DECOMPRESS,70*
$BAROALT,101657.25,26,-2.7*
$BATMV,3622*
$GPGGA,041522.500,3850.6716,N,07704.5800,W,1,09,01.1,05.7,M,-34.0,M,0,0*6B
$GPRMC,041522.500,A,3850.6716,N,07704.5800,W,000.1,021.7,030926,,,A*73
$HRFSSI,-54*
$RFMSGEND*
$RFMSGFROM,17157,35,111,0,0*
$DECOMPRESS,70*
$BAROALT,101665.00,26,-2.8*
$BATMV,3622*
$GPGGA,041523.500,3850.6713,N,07704.5795,W,1,09,01.8,05.1,M,-34.0,M,0,0*63
$GPRMC,041523.500,A,3850.6713,N,07704.5795,W,000.0,021.7,030926,,,A*75
$HRFSSI,-54*
$RFMSGEND*
$RFMSGFROM,17157,35,111,0,0*
$DECOMPRESS,70*
$BAROALT,101658.50,26,-2.7*
$BATMV,3628*
$GPGGA,041524.500,3850.6711,N,07704.5795,W,1,09,01.8,04.5,M,-34.0,M,0,0*63
$GPRMC,041524.500,A,3850.6711,N,07704.5795,W,000.0,021.7,030926,,,A*70
$HRFSSI,-54*
$RFMSGEND*
$RFMSGFROM,17157,35,111,0,0*
$DECOMPRESS,70*
$BAROALT,101659.00,26,-2.7*
$BATMV,3628*
$GPGGA,041525.500,3850.6708,N,07704.5795,W,1,09,01.8,03.8,M,-34.0,M,0,0*60
$GPRMC,041525.500,A,3850.6708,N,07704.5795,W,000.0,021.7,030926,,,A*79
$HRFSSI,-55*
$RFMSGEND*
$RFMSGFROM,17157,35,111,0,0*
$DECOMPRESS,70*
$BAROALT,101661.25,26,-2.7*
$BATMV,3628*
$GPGGA,041526.500,3850.6708,N,07704.5795,W,1,09,01.8,03.2,M,-34.0,M,0,0*69
$GPRMC,041526.500,A,3850.6708,N,07704.5795,W,000.1,021.7,030926,,,A*7B
$HRFSSI,-55*
$RFMSGEND*
$RFMSGFROM,17157,35,111,0,0*
$DECOMPRESS,70*
$BAROALT,101662.00,26,-2.7*
$BATMV,3622*
$GPGGA,041527.500,3850.6706,N,07704.5795,W,1,09,01.8,02.5,M,-34.0,M,0,0*60
$GPRMC,041527.500,A,3850.6706,N,07704.5795,W,000.1,021.7,030926,,,A*74
$HRFSSI,-55*
$RFMSGEND*
$RFMSGFROM,17157,35,111,0,0*
$DECOMPRESS,70*
$BAROALT,101661.50,26,-2.7*
$BATMV,3628*
$GPGGA,041528.500,3850.6701,N,07704.5795,W,1,09,01.8,01.7,M,-34.0,M,0,0*69
$GPRMC,041528.500,A,3850.6701,N,07704.5795,W,000.1,021.7,030926,,,A*7C
$HRFSSI,-55*
$RFMSGEND*
$RFMSGFROM,17157,35,111,0,0*
$DECOMPRESS,70*
$BAROALT,101658.75,26,-2.7*
$BATMV,3622*
$GPGGA,041529.500,3850.6699,N,07704.5795,W,1,09,01.8,00.8,M,-34.0,M,0,0*66
$GPRMC,041529.500,A,3850.6699,N,07704.5795,W,000.1,021.7,030926,,,A*7D
$HRFSSI,-54*
$RFMSGEND*
$RFMSGFROM,17157,35,111,0,0*
$DECOMPRESS,70*
$BAROALT,101660.75,26,-2.7*
$BATMV,3622*
$GPGGA,041530.500,3850.6696,N,07704.5791,W,1,09,01.8,00.1,M,-34.0,M,0,0*6C
$GPRMC,041530.500,A,3850.6696,N,07704.5791,W,000.0,021.7,030926,,,A*7F
$HRFSSI,-54*
$RFMSGEND*
$RFMSGFROM,17157,35,111,0,0*
$DECOMPRESS,70*
$BAROALT,101661.75,26,-2.7*
$BATMV,3628*
$GPGGA,041531.500,3850.6694,N,07704.5791,W,1,09,01.8,00.9,M,-34.0,M,0,0*67
$GPRMC,041531.500,A,3850.6694,N,07704.5791,W,000.0,021.7,030926,,,A*7C
$HRFSSI,-55*
$RFMSGEND*
$RFMSGFROM,17157,35,111,0,0*
$DECOMPRESS,70*
$BAROALT,101662.25,26,-2.7*
$BATMV,3622*
$GPGGA,041532.500,3850.6691,N,07704.5791,W,1,09,01.8,-1.4,M,-34.0,M,0,0*70
$GPRMC,041532.500,A,3850.6691,N,07704.5791,W,000.0,021.7,030926,,,A*7A
$HRFSSI,-54*
$RFMSGEND*
$RFMSGFROM,17157,35,111,0,0*
$DECOMPRESS,70*
$BAROALT,101658.25,26,-2.7*
$BATMV,3622*
$GPGGA,041533.500,3850.6689,N,07704.5791,W,1,09,01.8,-2.0,M,-34.0,M,0,0*7F
$GPRMC,041533.500,A,3850.6689,N,07704.5791,W,000.0,021.7,030926,,,A*72
$HRFSSI,-53*
$RFMSGEND*
$RFMSGFROM,17157,35,111,0,0*
$DECOMPRESS,70*
$BAROALT,101660.75,26,-2.7*
$BATMV,3622*
$GPGGA,041534.500,3850.6689,N,07704.5791,W,1,09,01.8,-2.5,M,-34.0,M,0,0*7D
$GPRMC,041534.500,A,3850.6689,N,07704.5791,W,000.0,021.7,030926,,,A*75
$HRFSSI,-55*
$RFMSGEND*
$RFMSGFROM,17157,35,111,0,0*
$DECOMPRESS,70*
$BAROALT,101660.50,26,-2.7*
$BATMV,3628*
$GPGGA,041535.500,3850.6687,N,07704.5786,W,1,09,01.1,-2.9,M,-34.0,M,0,0*71
$GPRMC,041535.500,A,3850.6687,N,07704.5786,W,000.0,021.7,030926,,,A*7C
$HRFSSI,-56*
$RFMSGEND*
$RFMSGFROM,17157,35,111,0,0*
$DECOMPRESS,70*
$BAROALT,101665.25,26,-2.8*
$BATMV,3628*
$GPGGA,041536.500,3850.6687,N,07704.5786,W,1,09,01.1,-3.2,M,-34.0,M,0,0*78
$GPRMC,041536.500,A,3850.6687,N,07704.5786,W,000.1,021.7,030926,,,A*7E
$HRFSSI,-54*
$RFMSGEND*
$RFMSGFROM,17157,35,111,0,0*
$DECOMPRESS,70*
$BAROALT,101661.25,26,-2.7*
$BATMV,3628*
$GPGGA,041537.500,3850.6687,N,07704.5786,W,1,09,01.1,-3.6,M,-34.0,M,0,0*7D
$GPRMC,041537.500,A,3850.6687,N,07704.5786,W,000.1,021.7,030926,,,A*7F
$HRFSSI,-53*
$RFMSGEND*
$RFMSGFROM,17157,35,111,0,0*
$DECOMPRESS,70*
$BAROALT,101657.00,26,-2.7*
$BATMV,3628*
$GPGGA,041538.500,3850.6687,N,07704.5781,W,1,09,01.8,-3.8,M,-34.0,M,0,0*72
$GPRMC,041538.500,A,3850.6687,N,07704.5781,W,000.1,021.7,030926,,,A*77
$HRFSSI,-53*
$RFMSGEND*
$RFMSGFROM,17157,35,111,0,0*
$DECOMPRESS,70*
$BAROALT,101660.00,26,-2.7*
$BATMV,3628*
$GPGGA,041539.500,3850.6687,N,07704.5781,W,1,09,01.1,-4.1,M,-34.0,M,0,0*74
$GPRMC,041539.500,A,3850.6687,N,07704.5781,W,000.0,021.7,030926,,,A*77
$HRFSSI,-53*
$RFMSGEND*
$RFMSGFROM,17157,35,111,0,0*
$DECOMPRESS,70*
$BAROALT,101659.00,26,-2.7*
$BATMV,3628*
$GPGGA,041540.500,3850.6689,N,07704.5776,W,1,09,01.1,-4.4,M,-34.0,M,0,0*79
$GPRMC,041540.500,A,3850.6689,N,07704.5776,W,000.0,021.7,030926,,,A*7F
$HRFSSI,-53*
$RFMSGEND*
$RFMSGFROM,17157,35,111,0,0*
$DECOMPRESS,70*
$BAROALT,101661.00,26,-2.7*
$BATMV,3628*
$GPGGA,041541.500,3850.6691,N,07704.5771,W,1,09,01.2,-4.5,M,-34.0,M,0,0*74
$GPRMC,041541.500,A,3850.6691,N,07704.5771,W,000.0,021.7,030926,,,A*70
$HRFSSI,-53*
$RFMSGEND*
$RFMSGFROM,17157,35,111,0,0*
$DECOMPRESS,70*
$BAROALT,101659.50,26,-2.7*
$BATMV,3622*
$GPGGA,041542.500,3850.6691,N,07704.5766,W,1,09,01.8,-4.8,M,-34.0,M,0,0*76
$GPRMC,041542.500,A,3850.6691,N,07704.5766,W,000.1,021.7,030926,,,A*74
$HRFSSI,-54*
$RFMSGEND*
$RFMSGFROM,17157,35,111,0,0*
$DECOMPRESS,70*
$BAROALT,101661.75,26,-2.7*
$BATMV,3628*
$GPGGA,041543.500,3850.6694,N,07704.5766,W,1,09,01.2,-4.9,M,-34.0,M,0,0*79
$GPRMC,041543.500,A,3850.6694,N,07704.5766,W,000.1,021.7,030926,,,A*70
$HRFSSI,-52*
$RFMSGEND*
$RFMSGFROM,17157,35,111,0,0*
$DECOMPRESS,70*
$BAROALT,101658.50,26,-2.7*
$BATMV,3622*
$GPGGA,041544.500,3850.6696,N,07704.5761,W,1,08,01.2,-4.9,M,-34.0,M,0,0*7A
$GPRMC,041544.500,A,3850.6696,N,07704.5761,W,000.0,021.7,030926,,,A*73
$HRFSSI,-54*
$RFMSGEND*
$RFMSGFROM,17157,35,111,0,0*
$DECOMPRESS,70*
$BAROALT,101663.50,26,-2.8*
$BATMV,3628*
$GPGGA,041545.500,3850.6699,N,07704.5756,W,1,08,01.9,-5.1,M,-34.0,M,0,0*72
$GPRMC,041545.500,A,3850.6699,N,07704.5756,W,000.0,021.7,030926,,,A*79
$HRFSSI,-53*
$RFMSGEND*
$RFMSGFROM,17157,35,111,0,0*
$DECOMPRESS,70*
$BAROALT,101659.25,26,-2.7*
$BATMV,3628*
$GPGGA,041546.500,3850.6701,N,07704.5756,W,1,08,01.2,-5.3,M,-34.0,M,0,0*78
$GPRMC,041546.500,A,3850.6701,N,07704.5756,W,000.0,021.7,030926,,,A*7A
$HRFSSI,-53*
$RFMSGEND*
$RFMSGFROM,17157,35,111,0,0*
$DECOMPRESS,70*
$BAROALT,101663.50,26,-2.8*
$BATMV,3622*
$GPGGA,041547.500,3850.6701,N,07704.5751,W,1,08,01.2,-5.4,M,-34.0,M,0,0*79
$GPRMC,041547.500,A,3850.6701,N,07704.5751,W,000.0,021.7,030926,,,A*7C
$HRFSSI,-54*
$RFMSGEND*
$RFMSGFROM,17157,35,111,0,0*
$DECOMPRESS,70*
$BAROALT,101662.25,26,-2.7*
$BATMV,3622*
$GPGGA,041548.500,3850.6704,N,07704.5751,W,1,08,01.2,-5.5,M,-34.0,M,0,0*72
$GPRMC,041548.500,A,3850.6704,N,07704.5751,W,000.0,021.7,030926,,,A*76
$HRFSSI,-55*
$RFMSGEND*
$RFMSGFROM,17157,35,111,0,0*
$DECOMPRESS,70*
$BAROALT,101662.00,26,-2.7*
$BATMV,3628*
$GPGGA,041549.500,3850.6706,N,07704.5747,W,1,08,01.9,-5.7,M,-34.0,M,0,0*7F
$GPRMC,041549.500,A,3850.6706,N,07704.5747,W,000.0,021.7,030926,,,A*72
$HRFSSI,-55*
$RFMSGEND*
$RFMSGFROM,17157,35,111,0,0*
$DECOMPRESS,70*
$BAROALT,101662.00,26,-2.7*
$BATMV,3622*
$GPGGA,041550.500,3850.6708,N,07704.5742,W,1,08,01.2,-5.8,M,-34.0,M,0,0*78
$GPRMC,041550.500,A,3850.6708,N,07704.5742,W,000.0,021.7,030926,,,A*71
$HRFSSI,-55*
$RFMSGEND*
$RFMSGFROM,17157,35,111,0,0*
$DECOMPRESS,70*
$BAROALT,101660.50,26,-2.7*
$BATMV,3628*
$GPGGA,041551.500,3850.6708,N,07704.5742,W,1,08,01.2,-5.9,M,-34.0,M,0,0*78
$GPRMC,041551.500,A,3850.6708,N,07704.5742,W,000.0,021.7,030926,,,A*70
$HRFSSI,-55*
$RFMSGEND*
$RFMSGFROM,17157,35,111,0,0*
$DECOMPRESS,70*
$BAROALT,101663.00,26,-2.8*
$BATMV,3628*
$GPGGA,041552.500,3850.6708,N,07704.5742,W,1,08,01.9,-6.1,M,-34.0,M,0,0*7B
$GPRMC,041552.500,A,3850.6708,N,07704.5742,W,000.0,021.7,030926,,,A*73
$HRFSSI,-54*
$RFMSGEND*
$RFMSGFROM,17157,35,111,0,0*
$DECOMPRESS,70*
$BAROALT,101660.00,26,-2.7*
$BATMV,3622*
$GPGGA,041553.500,3850.6708,N,07704.5742,W,1,08,01.2,-6.5,M,-34.0,M,0,0*75
$GPRMC,041553.500,A,3850.6708,N,07704.5742,W,000.0,021.7,030926,,,A*72
$HRFSSI,-53*
$RFMSGEND*
$RFMSGFROM,17157,35,111,0,0*
$DECOMPRESS,70*
$BAROALT,101662.00,26,-2.7*
$BATMV,3628*
$GPGGA,041554.500,3850.6711,N,07704.5742,W,1,09,01.2,-6.6,M,-34.0,M,0,0*78
$GPRMC,041554.500,A,3850.6711,N,07704.5742,W,000.0,021.7,030926,,,A*7D
$HRFSSI,-54*
$RFMSGEND*
$RFMSGFROM,17157,35,111,0,0*
$DECOMPRESS,70*
$BAROALT,101659.00,26,-2.7*
$BATMV,3622*
$GPGGA,041555.500,3850.6713,N,07704.5742,W,1,09,01.1,-6.6,M,-34.0,M,0,0*78
$GPRMC,041555.500,A,3850.6713,N,07704.5742,W,000.0,021.7,030926,,,A*7E
$HRFSSI,-54*
$RFMSGEND*
$RFMSGFROM,17157,35,111,0,0*
$DECOMPRESS,70*
$BAROALT,101661.75,26,-2.7*
$BATMV,3628*
$GPGGA,041556.500,3850.6713,N,07704.5737,W,1,09,01.9,-6.8,M,-34.0,M,0,0*7F
$GPRMC,041556.500,A,3850.6713,N,07704.5737,W,000.0,021.7,030926,,,A*7F
$HRFSSI,-53*
$RFMSGEND*
$RFMSGFROM,17157,35,111,0,0*
$DECOMPRESS,70*
$BAROALT,101662.00,26,-2.7*
$BATMV,3622*
$GPGGA,041557.500,3850.6713,N,07704.5737,W,1,09,01.1,-7.0,M,-34.0,M,0,0*7F
$GPRMC,041557.500,A,3850.6713,N,07704.5737,W,000.0,021.7,030926,,,A*7E
$HRFSSI,-53*
$RFMSGEND*
$RFMSGFROM,17157,35,111,0,0*
$DECOMPRESS,70*
$BAROALT,101661.00,26,-2.7*
$BATMV,3628*
$GPGGA,041558.500,3850.6716,N,07704.5737,W,1,09,01.1,-7.1,M,-34.0,M,0,0*74
$GPRMC,041558.500,A,3850.6716,N,07704.5737,W,000.0,021.7,030926,,,A*74
$HRFSSI,-53*
$RFMSGEND*
$RFMSGFROM,17157,35,111,0,0*
$DECOMPRESS,70*
$BAROALT,101664.00,26,-2.8*
$BATMV,3622*
$GPGGA,041559.500,3850.6713,N,07704.5737,W,1,09,01.1,-7.4,M,-34.0,M,0,0*75
$GPRMC,041559.500,A,3850.6713,N,07704.5737,W,000.1,021.7,030926,,,A*71
$HRFSSI,-53*
$RFMSGEND*
$RFMSGFROM,17157,35,111,0,0*
$DECOMPRESS,70*
$BAROALT,101660.50,26,-2.7*
$BATMV,3622*
$GPGGA,041600.500,3850.6713,N,07704.5732,W,1,09,01.9,-7.9,M,-34.0,M,0,0*7A
$GPRMC,041600.500,A,3850.6713,N,07704.5732,W,000.0,021.7,030926,,,A*7A
$HRFSSI,-54*
$RFMSGEND*
$RFMSGFROM,17157,35,111,0,0*
$DECOMPRESS,70*
$BAROALT,101662.75,26,-2.7*
$BATMV,3628*
$GPGGA,041601.500,3850.6713,N,07704.5732,W,1,09,01.1,-8.2,M,-34.0,M,0,0*77
$GPRMC,041601.500,A,3850.6713,N,07704.5732,W,000.0,021.7,030926,,,A*7B
$HRFSSI,-54*
$RFMSGEND*
$RFMSGFROM,17157,35,111,0,0*
$DECOMPRESS,70*
$BAROALT,101664.00,26,-2.8*
$BATMV,3622*
$GPGGA,041602.500,3850.6713,N,07704.5737,W,1,09,01.1,-8.2,M,-34.0,M,0,0*71
$GPRMC,041602.500,A,3850.6713,N,07704.5737,W,000.0,021.7,030926,,,A*7D
$HRFSSI,-54*
$RFMSGEND*
$RFMSGFROM,17157,35,111,0,0*
$DECOMPRESS,70*
$BAROALT,101663.25,26,-2.8*
$BATMV,3628*
$GPGGA,041603.500,3850.6711,N,07704.5737,W,1,09,01.1,-8.2,M,-34.0,M,0,0*72
$GPRMC,041603.500,A,3850.6711,N,07704.5737,W,000.0,021.7,030926,,,A*7E
$HRFSSI,-53*
$RFMSGEND*
$RFMSGFROM,17157,35,111,0,0*
$DECOMPRESS,70*
$BAROALT,101661.50,26,-2.7*
$BATMV,3622*
$GPGGA,041604.500,3850.6711,N,07704.5742,W,1,09,01.9,-8.3,M,-34.0,M,0,0*7E
$GPRMC,041604.500,A,3850.6711,N,07704.5742,W,000.0,021.7,030926,,,A*7B
$HRFSSI,-54*
$RFMSGEND*
$RFMSGFROM,17157,35,111,0,0*
$DECOMPRESS,70*
$BAROALT,101662.50,26,-2.7*
$BATMV,3622*
$GPGGA,041605.500,3850.6708,N,07704.5742,W,1,09,01.1,-8.6,M,-34.0,M,0,0*7A
$GPRMC,041605.500,A,3850.6708,N,07704.5742,W,000.0,021.7,030926,,,A*72
$HRFSSI,-55*
$RFMSGEND*
$RFMSGFROM,17157,35,111,0,0*
$DECOMPRESS,70*
$BAROALT,101660.50,26,-2.7*
$BATMV,3628*
$GPGGA,041606.500,3850.6708,N,07704.5742,W,1,09,01.1,-8.8,M,-34.0,M,0,0*77
$GPRMC,041606.500,A,3850.6708,N,07704.5742,W,000.2,021.7,030926,,,A*73
$HRFSSI,-52*
$RFMSGEND*
$RFMSGFROM,17157,35,111,0,0*
$DECOMPRESS,70*
$BAROALT,101662.00,26,-2.7*
$BATMV,3622*
$GPGGA,041607.500,3850.6708,N,07704.5742,W,1,09,01.9,-9.0,M,-34.0,M,0,0*77
$GPRMC,041607.500,A,3850.6708,N,07704.5742,W,000.1,021.7,030926,,,A*71
$HRFSSI,-56*
$RFMSGEND*
$RFMSGFROM,17157,35,111,0,0*
$DECOMPRESS,70*
$BAROALT,101658.75,26,-2.7*
$BATMV,3622*
$GPGGA,041608.500,3850.6706,N,07704.5742,W,1,09,01.1,-9.4,M,-34.0,M,0,0*7A
$GPRMC,041608.500,A,3850.6706,N,07704.5742,W,000.2,021.7,030926,,,A*73
$HRFSSI,-54*
$RFMSGEND*
$RFMSGFROM,17157,35,111,0,0*
$DECOMPRESS,70*
$BAROALT,101660.25,26,-2.7*
$BATMV,3622*
$GPGGA,041609.500,3850.6706,N,07704.5742,W,1,09,01.1,-9.5,M,-34.0,M,0,0*7A
$GPRMC,041609.500,A,3850.6706,N,07704.5742,W,000.0,021.7,030926,,,A*70
$HRFSSI,-55*
$RFMSGEND*
$RFMSGFROM,17157,35,111,0,0*
$DECOMPRESS,70*
$BAROALT,101660.75,26,-2.7*
$BATMV,3622*
$GPGGA,041610.500,3850.6704,N,07704.5747,W,1,09,01.1,-9.7,M,-34.0,M,0,0*77
$GPRMC,041610.500,A,3850.6704,N,07704.5747,W,000.1,021.7,030926,,,A*7E
$HRFSSI,-54*
$RFMSGEND*
$RFMSGFROM,17157,35,111,0,0*
$DECOMPRESS,70*
$BAROALT,101663.00,26,-2.8*
$BATMV,3628*
$GPGGA,041611.500,3850.6701,N,07704.5747,W,1,09,01.9,-10.1,M,-34.0,M,0,0*45
$GPRMC,041611.500,A,3850.6701,N,07704.5747,W,000.1,021.7,030926,,,A*7A
$HRFSSI,-53*
$RFMSGEND*
$RFMSGFROM,17157,35,111,0,0*
$DECOMPRESS,70*
$BAROALT,101662.50,26,-2.7*
$BATMV,3622*
$GPGGA,041612.500,3850.6701,N,07704.5747,W,1,09,01.1,-10.3,M,-34.0,M,0,0*4C
$GPRMC,041612.500,A,3850.6701,N,07704.5747,W,000.2,021.7,030926,,,A*7A
$HRFSSI,-54*
$RFMSGEND*
$RFMSGFROM,17157,35,111,0,0*
$DECOMPRESS,70*
$BAROALT,101663.25,26,-2.8*
$BATMV,3622*
$GPGGA,041613.500,3850.6699,N,07704.5751,W,1,09,01.1,-10.7,M,-34.0,M,0,0*4E
$GPRMC,041613.500,A,3850.6699,N,07704.5751,W,000.0,021.7,030926,,,A*7E
$HRFSSI,-55*
$RFMSGEND*
$RFMSGFROM,17157,35,111,0,0*
$DECOMPRESS,70*
$BAROALT,101662.50,26,-2.7*
$BATMV,3628*
$GPGGA,041614.500,3850.6699,N,07704.5751,W,1,09,01.1,-10.6,M,-34.0,M,0,0*48
$GPRMC,041614.500,A,3850.6699,N,07704.5751,W,000.1,021.7,030926,,,A*78
$HRFSSI,-55*
$RFMSGEND*
$RFMSGFROM,17157,35,111,0,0*
$DECOMPRESS,70*
$BAROALT,101662.50,26,-2.7*
$BATMV,3622*
$GPGGA,041615.500,3850.6696,N,07704.5751,W,1,09,01.9,-11.2,M,-34.0,M,0,0*4B
$GPRMC,041615.500,A,3850.6696,N,07704.5751,W,000.1,021.7,030926,,,A*76
$HRFSSI,-54*
$RFMSGEND*
$RFMSGFROM,17157,35,111,0,0*
$DECOMPRESS,70*
$BAROALT,101663.25,26,-2.8*
$BATMV,3622*
$GPGGA,041616.500,3850.6696,N,07704.5756,W,1,09,01.1,-11.3,M,-34.0,M,0,0*46
$GPRMC,041616.500,A,3850.6696,N,07704.5756,W,000.0,021.7,030926,,,A*73
$HRFSSI,-54*
$RFMSGEND*
$RFMSGFROM,17157,35,111,0,0*
$DECOMPRESS,70*
$BAROALT,101663.25,26,-2.8*
$BATMV,3628*
$GPGGA,041617.500,3850.6691,N,07704.5756,W,1,09,01.1,-11.7,M,-34.0,M,0,0*44
$GPRMC,041617.500,A,3850.6691,N,07704.5756,W,000.0,021.7,030926,,,A*75
$HRFSSI,-54*
$RFMSGEND*
$RFMSGFROM,17157,35,111,0,0*
$DECOMPRESS,70*
$BAROALT,101660.25,26,-2.7*
$BATMV,3622*
$GPGGA,041618.500,3850.6691,N,07704.5756,W,1,09,01.9,-12.1,M,-34.0,M,0,0*46
$GPRMC,041618.500,A,3850.6691,N,07704.5756,W,000.1,021.7,030926,,,A*7B
$HRFSSI,-53*
$RFMSGEND*
$RFMSGFROM,17157,35,111,0,0*
$DECOMPRESS,70*
$BAROALT,101663.25,26,-2.8*
$BATMV,3622*
$GPGGA,041619.500,3850.6689,N,07704.5761,W,1,09,01.1,-12.4,M,-34.0,M,0,0*47
$GPRMC,041619.500,A,3850.6689,N,07704.5761,W,000.1,021.7,030926,,,A*77
$HRFSSI,-54*
$RFMSGEND*
$RFMSGFROM,17157,35,111,0,0*
$DECOMPRESS,70*
$BAROALT,101662.50,26,-2.7*
$BATMV,3622*
$GPGGA,041620.500,3850.6684,N,07704.5761,W,1,09,01.1,-13.2,M,-34.0,M,0,0*47
$GPRMC,041620.500,A,3850.6684,N,07704.5761,W,000.4,117.1,030926,,,A*77
$HRFSSI,-54*
$RFMSGEND*
$RFMSGFROM,17157,35,111,0,0*
$DECOMPRESS,70*
$BAROALT,101664.25,26,-2.8*
$BATMV,3628*
$GPGGA,041621.500,3850.6679,N,07704.5761,W,1,09,01.9,-14.0,M,-34.0,M,0,0*49
$GPRMC,041621.500,A,3850.6679,N,07704.5761,W,000.5,158.1,030926,,,A*7E
$HRFSSI,-55*
$RFMSGEND*
$RFMSGFROM,17157,35,111,0,0*
$DECOMPRESS,70*
$BAROALT,101661.50,26,-2.7*
$BATMV,3622*
$GPGGA,041622.500,3850.6677,N,07704.5761,W,1,09,01.1,-14.4,M,-34.0,M,0,0*48
$GPRMC,041622.500,A,3850.6677,N,07704.5761,W,000.2,158.1,030926,,,A*74
$HRFSSI,-53*
$RFMSGEND*
$RFMSGFROM,17157,35,111,0,0*
$DECOMPRESS,70*
$BAROALT,101665.00,26,-2.8*
$BATMV,3622*
$GPGGA,041623.500,3850.6674,N,07704.5766,W,1,09,01.1,-14.9,M,-34.0,M,0,0*40
$GPRMC,041623.500,A,3850.6674,N,07704.5766,W,000.1,158.1,030926,,,A*72
$HRFSSI,-53*
$RFMSGEND*
$RFMSGFROM,17157,35,111,0,0*
$DECOMPRESS,70*
$BAROALT,101661.75,26,-2.7*
$BATMV,3622*
$GPGGA,041624.500,3850.6672,N,07704.5766,W,1,09,01.9,-15.3,M,-34.0,M,0,0*42
$GPRMC,041624.500,A,3850.6672,N,07704.5766,W,000.3,158.1,030926,,,A*71
$HRFSSI,-53*
$RFMSGEND*
$RFMSGFROM,17157,35,111,0,0*
$DECOMPRESS,70*
$BAROALT,101661.75,26,-2.7*
$BATMV,3628*
$GPGGA,041625.500,3850.6669,N,07704.5766,W,1,09,01.1,-16.2,M,-34.0,M,0,0*43
$GPRMC,041625.500,A,3850.6669,N,07704.5766,W,000.5,177.1,030926,,,A*71
$HRFSSI,-52*
$RFMSGEND*
$RFMSGFROM,17157,35,111,0,0*
$DECOMPRESS,70*
$BAROALT,101660.75,26,-2.7*
$BATMV,3622*
$GPGGA,041626.500,3850.6667,N,07704.5766,W,1,09,01.1,-16.7,M,-34.0,M,0,0*4B
$GPRMC,041626.500,A,3850.6667,N,07704.5766,W,000.1,177.1,030926,,,A*78
$HRFSSI,-55*
$RFMSGEND*
$RFMSGFROM,17157,35,111,0,0*
$DECOMPRESS,70*
$BAROALT,101661.50,26,-2.7*
$BATMV,3628*
$GPGGA,041627.500,3850.6665,N,07704.5766,W,1,09,01.9,-17.4,M,-34.0,M,0,0*42
$GPRMC,041627.500,A,3850.6665,N,07704.5766,W,000.2,181.4,030926,,,A*74
$HRFSSI,-66*
$RFMSGEND*
$RFMSGFROM,17157,35,111,0,0*
$DECOMPRESS,70*
$BAROALT,101662.50,26,-2.7*
$BATMV,3622*
$GPGGA,041628.500,3850.6660,N,07704.5771,W,1,09,01.1,-17.9,M,-34.0,M,0,0*4B
$GPRMC,041628.500,A,3850.6660,N,07704.5771,W,000.2,181.4,030926,,,A*78
$HRFSSI,-56*
$RFMSGEND*
$RFMSGFROM,17157,35,111,0,0*
$DECOMPRESS,70*
$BAROALT,101661.50,26,-2.7*
$BATMV,3622*
$GPGGA,041629.500,3850.6660,N,07704.5771,W,1,09,01.1,-18.0,M,-34.0,M,0,0*4C
$GPRMC,041629.500,A,3850.6660,N,07704.5771,W,000.1,181.4,030926,,,A*7A
$HRFSSI,-55*
$RFMSGEND*
$RFMSGFROM,17157,35,111,0,0*
$DECOMPRESS,70*
$BAROALT,101664.25,26,-2.8*
$BATMV,3622*
$GPGGA,041630.500,3850.6657,N,07704.5771,W,1,09,01.9,-18.4,M,-34.0,M,0,0*4C
$GPRMC,041630.500,A,3850.6657,N,07704.5771,W,000.1,181.4,030926,,,A*76
$HRFSSI,-53*
$RFMSGEND*
$RFMSGFROM,17157,35,111,0,0*
$DECOMPRESS,70*
$BAROALT,101665.50,26,-2.8*
$BATMV,3622*
$GPGGA,041631.500,3850.6655,N,07704.5771,W,1,09,01.1,-18.7,M,-34.0,M,0,0*44
$GPRMC,041631.500,A,3850.6655,N,07704.5771,W,000.1,181.4,030926,,,A*75
$HRFSSI,-54*
$RFMSGEND*
$RFMSGFROM,17157,35,111,0,0*
$DECOMPRESS,70*
$BAROALT,101663.50,26,-2.8*
$BATMV,3622*
$GPGGA,041632.500,3850.6652,N,07704.5771,W,1,09,01.1,-19.0,M,-34.0,M,0,0*46
$GPRMC,041632.500,A,3850.6652,N,07704.5771,W,000.2,181.4,030926,,,A*72
$HRFSSI,-55*
$RFMSGEND*
$RFMSGFROM,17157,35,111,0,0*
$DECOMPRESS,70*
$BAROALT,101660.00,26,-2.7*
$BATMV,3622*
$GPGGA,041633.500,3850.6652,N,07704.5771,W,1,09,01.9,-19.0,M,-34.0,M,0,0*4F
$GPRMC,041633.500,A,3850.6652,N,07704.5771,W,000.0,181.4,030926,,,A*71
$HRFSSI,-56*
$RFMSGEND*
$RFMSGFROM,17157,35,111,0,0*
$DECOMPRESS,70*
$BAROALT,101663.50,26,-2.8*
$BATMV,3622*
$GPGGA,041634.500,3850.6647,N,07704.5771,W,1,09,01.1,-20.0,M,-34.0,M,0,0*4E
$GPRMC,041634.500,A,3850.6647,N,07704.5771,W,000.2,181.4,030926,,,A*70
$HRFSSI,-56*
$RFMSGEND*
$RFMSGFROM,17157,35,111,0,0*
$DECOMPRESS,70*
$BAROALT,101661.75,26,-2.7*
$BATMV,3628*
$GPGGA,041635.500,3850.6645,N,07704.5771,W,1,09,01.1,-20.2,M,-34.0,M,0,0*4F
$GPRMC,041635.500,A,3850.6645,N,07704.5771,W,000.4,185.4,030926,,,A*71
$HRFSSI,-55*
$RFMSGEND*
$RFMSGFROM,17157,35,111,0,0*
$DECOMPRESS,70*
$BAROALT,101662.50,26,-2.7*
$BATMV,3628*
$GPGGA,041636.500,3850.6645,N,07704.5771,W,1,09,01.9,-20.1,M,-34.0,M,0,0*47
$GPRMC,041636.500,A,3850.6645,N,07704.5771,W,000.1,185.4,030926,,,A*77
$HRFSSI,-56*
$RFMSGEND*
$RFMSGFROM,17157,35,111,0,0*
$DECOMPRESS,70*
$BAROALT,101662.50,26,-2.7*
$BATMV,3628*
$GPGGA,041637.500,3850.6647,N,07704.5771,W,1,09,01.1,-19.6,M,-34.0,M,0,0*41
$GPRMC,041637.500,A,3850.6647,N,07704.5771,W,000.0,185.4,030926,,,A*75
$HRFSSI,-55*
$RFMSGEND*
$RFMSGFROM,17157,35,111,0,0*
$DECOMPRESS,70*
$BAROALT,101662.25,26,-2.7*
$BATMV,3622*
$GPGGA,041638.500,3850.6650,N,07704.5771,W,1,08,01.9,-19.0,M,-34.0,M,0,0*47
$GPRMC,041638.500,A,3850.6650,N,07704.5771,W,000.4,099.6,030926,,,A*76
$HRFSSI,-55*
$RFMSGEND*
$RFMSGFROM,17157,35,111,0,0*
$DECOMPRESS,70*
$BAROALT,101662.75,26,-2.7*
$BATMV,3622*
$GPGGA,041639.500,3850.6650,N,07704.5776,W,1,08,01.1,-18.8,M,-34.0,M,0,0*40
$GPRMC,041639.500,A,3850.6650,N,07704.5776,W,000.0,099.6,030926,,,A*74
$HRFSSI,-55*
$RFMSGEND*
$RFMSGFROM,17157,35,111,0,0*
$DECOMPRESS,70*
$BAROALT,101661.00,26,-2.7*
$BATMV,3622*
$GPGGA,041640.500,3850.6655,N,07704.5776,W,1,08,01.1,-17.9,M,-34.0,M,0,0*45
$GPRMC,041640.500,A,3850.6655,N,07704.5776,W,000.2,099.6,030926,,,A*7D
$HRFSSI,-55*
$RFMSGEND*
$RFMSGFROM,17157,35,111,0,0*
$DECOMPRESS,70*
$BAROALT,101666.00,26,-2.8*
$BATMV,3616*
$GPGGA,041641.500,3850.6657,N,07704.5776,W,1,08,01.9,-17.1,M,-34.0,M,0,0*46
$GPRMC,041641.500,A,3850.6657,N,07704.5776,W,000.3,041.0,030926,,,A*7C
$HRFSSI,-55*
$RFMSGEND*
$RFMSGFROM,17157,35,111,0,0*
$DECOMPRESS,70*
$BAROALT,101663.25,26,-2.8*
$BATMV,3622*
$GPGGA,041642.500,3850.6665,N,07704.5776,W,1,08,01.1,-15.8,M,-34.0,M,0,0*47
$GPRMC,041642.500,A,3850.6665,N,07704.5776,W,000.5,024.3,030926,,,A*78
$HRFSSI,-55*
$RFMSGEND*
$RFMSGFROM,17157,35,111,0,0*
$DECOMPRESS,70*
$BAROALT,101660.00,26,-2.7*
$BATMV,3622*
$GPGGA,041643.500,3850.6669,N,07704.5776,W,1,08,01.9,-14.5,M,-34.0,M,0,0*4E
$GPRMC,041643.500,A,3850.6669,N,07704.5776,W,000.6,013.4,030926,,,A*75
$HRFSSI,-52*
$RFMSGEND*
$RFMSGFROM,17157,35,111,0,0*
$DECOMPRESS,70*
$BAROALT,101663.75,26,-2.8*
$BATMV,3628*
$GPGGA,041644.500,3850.6669,N,07704.5776,W,1,08,01.1,-13.9,M,-34.0,M,0,0*4A
$GPRMC,041644.500,A,3850.6669,N,07704.5776,W,000.3,009.4,030926,,,A*7C
$HRFSSI,-53*
$RFMSGEND*
$RFMSGFROM,17157,35,111,0,0*
$DECOMPRESS,70*
$BAROALT,101660.75,26,-2.7*
$BATMV,3628*
$GPGGA,041645.500,3850.6672,N,07704.5776,W,1,08,01.1,-13.2,M,-34.0,M,0,0*4A
$GPRMC,041645.500,A,3850.6672,N,07704.5776,W,000.2,009.4,030926,,,A*76
$HRFSSI,-53*
$RFMSGEND*
$RFMSGFROM,17157,35,111,0,0*
$DECOMPRESS,70*
$BAROALT,101664.00,26,-2.8*
$BATMV,3622*
$GPGGA,041646.500,3850.6677,N,07704.5776,W,1,08,01.1,-12.1,M,-34.0,M,0,0*4E
$GPRMC,041646.500,A,3850.6677,N,07704.5776,W,000.4,006.7,030926,,,A*7A
$HRFSSI,-53*
$RFMSGEND*
$RFMSGFROM,17157,35,111,0,0*
$DECOMPRESS,70*
$BAROALT,101661.75,26,-2.7*
$BATMV,3628*
$GPGGA,041647.500,3850.6682,N,07704.5776,W,1,08,01.9,-11.1,M,-34.0,M,0,0*4E
$GPRMC,041647.500,A,3850.6682,N,07704.5776,W,000.4,005.0,030926,,,A*75
$HRFSSI,-53*
$RFMSGEND*
$RFMSGFROM,17157,35,111,0,0*
$DECOMPRESS,70*
$BAROALT,101664.50,26,-2.8*
$BATMV,3628*
$GPGGA,041648.500,3850.6687,N,07704.5776,W,1,08,01.1,-10.0,M,-34.0,M,0,0*4C
$GPRMC,041648.500,A,3850.6687,N,07704.5776,W,000.5,000.8,030926,,,A*73
$HRFSSI,-52*
$RFMSGEND*
$RFMSGFROM,17157,35,111,0,0*
$DECOMPRESS,70*
$BAROALT,101663.50,26,-2.8*
$BATMV,3622*
$GPGGA,041649.500,3850.6694,N,07704.5776,W,1,08,01.1,-8.3,M,-34.0,M,0,0*75
$GPRMC,041649.500,A,3850.6694,N,07704.5776,W,000.8,002.7,030926,,,A*70
$HRFSSI,-53*
$RFMSGEND*
$RFMSGFROM,17157,35,111,0,0*
$DECOMPRESS,70*
$BAROALT,101663.00,26,-2.8*
$BATMV,3622*
$GPGGA,041650.500,3850.6699,N,07704.5776,W,1,08,01.1,-7.2,M,-34.0,M,0,0*7E
$GPRMC,041650.500,A,3850.6699,N,07704.5776,W,000.5,359.0,030926,,,A*72
$HRFSSI,-53*
$RFMSGEND*
$RFMSGFROM,17157,35,111,0,0*
$DECOMPRESS,70*
$BAROALT,101664.75,26,-2.8*
$BATMV,3628*
$GPGGA,041651.500,3850.6701,N,07704.5776,W,1,08,01.1,-6.4,M,-34.0,M,0,0*78
$GPRMC,041651.500,A,3850.6701,N,07704.5776,W,000.3,357.3,030926,,,A*78
$HRFSSI,-53*
$RFMSGEND*
$RFMSGFROM,17157,35,111,0,0*
$DECOMPRESS,70*
$BAROALT,101665.00,26,-2.8*
$BATMV,3622*
$GPGGA,041652.500,3850.6706,N,07704.5776,W,1,08,01.9,-5.4,M,-34.0,M,0,0*77
$GPRMC,041652.500,A,3850.6706,N,07704.5776,W,000.4,356.2,030926,,,A*7B
$HRFSSI,-52*
$RFMSGEND*
$RFMSGFROM,17157,35,111,0,0*
$DECOMPRESS,70*
$BAROALT,101665.25,26,-2.8*
$BATMV,3628*
$GPGGA,041653.500,3850.6708,N,07704.5776,W,1,08,01.1,-4.8,M,-34.0,M,0,0*7D
$GPRMC,041653.500,A,3850.6708,N,07704.5776,W,000.3,356.2,030926,,,A*73
$HRFSSI,-52*
$RFMSGEND*
$RFMSGFROM,17157,35,111,0,0*
$DECOMPRESS,70*
$BAROALT,101662.25,26,-2.7*
$BATMV,3622*
$GPGGA,041654.500,3850.6711,N,07704.5776,W,1,08,01.1,-3.4,M,-34.0,M,0,0*79
$GPRMC,041654.500,A,3850.6711,N,07704.5776,W,000.3,004.4,030926,,,A*7E
$HRFSSI,-53*
$RFMSGEND*
$RFMSGFROM,17157,35,111,0,0*
$DECOMPRESS,70*
$BAROALT,101661.50,26,-2.7*
$BATMV,3622*
$GPGGA,041655.500,3850.6713,N,07704.5776,W,1,08,01.1,-2.4,M,-34.0,M,0,0*7B
$GPRMC,041655.500,A,3850.6713,N,07704.5776,W,000.2,004.4,030926,,,A*7C
$HRFSSI,-53*
$RFMSGEND*
$RFMSGFROM,17157,35,111,0,0*
$DECOMPRESS,70*
$BAROALT,101663.25,26,-2.8*
$BATMV,3628*
$GPGGA,041656.500,3850.6718,N,07704.5776,W,1,08,01.1,-1.4,M,-34.0,M,0,0*70
$GPRMC,041656.500,A,3850.6718,N,07704.5776,W,000.3,003.4,030926,,,A*72
$HRFSSI,-52*
$RFMSGEND*
$RFMSGFROM,17157,35,111,0,0*
$DECOMPRESS,70*
$BAROALT,101661.75,26,-2.7*
$BATMV,3628*
$GPGGA,041657.500,3850.6721,N,07704.5776,W,1,08,01.1,00.6,M,-34.0,M,0,0*65
$GPRMC,041657.500,A,3850.6721,N,07704.5776,W,000.5,001.1,030926,,,A*78
$HRFSSI,-53*
$RFMSGEND*
$RFMSGFROM,17157,35,111,0,0*
$DECOMPRESS,70*
$BAROALT,101662.75,26,-2.7*
$BATMV,3622*
$GPGGA,041658.500,3850.6726,N,07704.5776,W,1,08,01.1,00.2,M,-34.0,M,0,0*69
$GPRMC,041658.500,A,3850.6726,N,07704.5776,W,000.1,358.8,030926,,,A*72
$HRFSSI,-53*
$RFMSGEND*
$RFMSGFROM,17157,35,111,0,0*
$DECOMPRESS,70*
$BAROALT,101662.50,26,-2.7*
$BATMV,3622*
$GPGGA,041659.500,3850.6726,N,07704.5776,W,1,08,01.1,00.6,M,-34.0,M,0,0*6C
$GPRMC,041659.500,A,3850.6726,N,07704.5776,W,000.1,358.8,030926,,,A*73
$HRFSSI,-53*
$RFMSGEND*
$RFMSGFROM,17157,35,111,0,0*
$DECOMPRESS,70*
$BAROALT,101664.75,26,-2.8*
$BATMV,3628*
$GPGGA,041700.500,3850.6726,N,07704.5776,W,1,08,01.1,00.8,M,-34.0,M,0,0*6F
$GPRMC,041700.500,A,3850.6726,N,07704.5776,W,000.1,358.8,030926,,,A*7E
$HRFSSI,-52*
$RFMSGEND*
$RFMSGFROM,17157,35,111,0,0*
$DECOMPRESS,70*
$BAROALT,101659.50,26,-2.7*
$BATMV,3622*
$GPGGA,041701.500,3850.6728,N,07704.5776,W,1,08,01.1,01.5,M,-34.0,M,0,0*6C
$GPRMC,041701.500,A,3850.6728,N,07704.5776,W,000.0,358.8,030926,,,A*70
$HRFSSI,-53*
$RFMSGEND*
$RFMSGFROM,17157,35,111,0,0*
$DECOMPRESS,70*
$BAROALT,101665.75,26,-2.8*
$BATMV,3622*
$GPGGA,041702.500,3850.6730,N,07704.5781,W,1,08,01.9,01.9,M,-34.0,M,0,0*6A
$GPRMC,041702.500,A,3850.6730,N,07704.5781,W,000.0,358.8,030926,,,A*72
$HRFSSI,-50*
$RFMSGEND*
$RFMSGFROM,17157,35,111,0,0*
$DECOMPRESS,70*
$BAROALT,101660.75,26,-2.7*
$BATMV,3622*
$GPGGA,041703.500,3850.6730,N,07704.5781,W,1,08,01.9,02.2,M,-34.0,M,0,0*63
$GPRMC,041703.500,A,3850.6730,N,07704.5781,W,000.0,358.8,030926,,,A*73
$HRFSSI,-53*
$RFMSGEND*
$RFMSGFROM,17157,35,111,0,0*
$DECOMPRESS,70*
$BAROALT,101660.75,26,-2.7*
$BATMV,3622*
$GPGGA,041704.500,3850.6733,N,07704.5781,W,1,08,01.1,02.8,M,-34.0,M,0,0*65
$GPRMC,041704.500,A,3850.6733,N,07704.5781,W,000.0,358.8,030926,,,A*77
$HRFSSI,-54*
$RFMSGEND*
$RFMSGFROM,17157,35,111,0,0*
$DECOMPRESS,70*
$BAROALT,101664.50,26,-2.8*
$BATMV,3622*
$GPGGA,041705.500,3850.6738,N,07704.5781,W,1,08,01.1,03.7,M,-34.0,M,0,0*61
$GPRMC,041705.500,A,3850.6738,N,07704.5781,W,000.1,358.8,030926,,,A*7C
$HRFSSI,-54*
$RFMSGEND*
$RFMSGFROM,17157,35,111,0,0*
$DECOMPRESS,70*
$BAROALT,101665.75,26,-2.8*
$BATMV,3622*
$GPGGA,041706.500,3850.6740,N,07704.5781,W,1,08,01.1,04.7,M,-34.0,M,0,0*6A
$GPRMC,041706.500,A,3850.6740,N,07704.5781,W,000.3,005.8,030926,,,A*79
$HRFSSI,-54*
$RFMSGEND*
$RFMSGFROM,17157,35,111,0,0*
$DECOMPRESS,70*
$BAROALT,101662.25,26,-2.7*
$BATMV,3622*
$GPGGA,041707.500,3850.6743,N,07704.5781,W,1,08,01.1,05.1,M,-34.0,M,0,0*6F
$GPRMC,041707.500,A,3850.6743,N,07704.5781,W,000.0,005.8,030926,,,A*78
$HRFSSI,-54*
$RFMSGEND*
$RFMSGFROM,17157,35,111,0,0*
$DECOMPRESS,70*
$BAROALT,101662.50,26,-2.7*
$BATMV,3628*
$GPGGA,041708.500,3850.6743,N,07704.5781,W,1,08,01.1,06.1,M,-34.0,M,0,0*63
$GPRMC,041708.500,A,3850.6743,N,07704.5781,W,000.3,005.8,030926,,,A*74
$HRFSSI,-54*
$RFMSGEND*
$RFMSGFROM,17157,35,111,0,0*
$DECOMPRESS,70*
$BAROALT,101663.50,26,-2.8*
$BATMV,3622*
$GPGGA,041709.500,3850.6745,N,07704.5781,W,1,08,01.1,06.7,M,-34.0,M,0,0*62
$GPRMC,041709.500,A,3850.6745,N,07704.5781,W,000.2,005.8,030926,,,A*72
$HRFSSI,-54*
$RFMSGEND*
$RFMSGFROM,17157,35,111,0,0*
$DECOMPRESS,70*
$BAROALT,101662.75,26,-2.7*
$BATMV,3622*
$GPGGA,041710.500,3850.6745,N,07704.5781,W,1,08,01.1,07.1,M,-34.0,M,0,0*6D
$GPRMC,041710.500,A,3850.6745,N,07704.5781,W,000.2,005.8,030926,,,A*7A
$HRFSSI,-55*
$RFMSGEND*
$RFMSGFROM,17157,35,111,0,0*
$DECOMPRESS,70*
$BAROALT,101664.75,26,-2.8*
$BATMV,3628*
$GPGGA,041711.500,3850.6745,N,07704.5781,W,1,08,01.1,07.3,M,-34.0,M,0,0*6E
$GPRMC,041711.500,A,3850.6745,N,07704.5781,W,000.1,005.8,030926,,,A*78
$HRFSSI,-57*
$RFMSGEND*
$RFMSGFROM,17157,35,111,0,0*
$DECOMPRESS,70*
$BAROALT,101664.25,26,-2.8*
$BATMV,3622*
$GPGGA,041712.500,3850.6748,N,07704.5781,W,1,08,01.1,07.7,M,-34.0,M,0,0*64
$GPRMC,041712.500,A,3850.6748,N,07704.5781,W,000.3,005.8,030926,,,A*74
$HRFSSI,-58*
$RFMSGEND*
$RFMSGFROM,17157,35,111,0,0*
$DECOMPRESS,70*
$BAROALT,101663.00,26,-2.8*
$BATMV,3622*
$GPGGA,041713.500,3850.6748,N,07704.5781,W,1,08,01.8,08.0,M,-34.0,M,0,0*64
$GPRMC,041713.500,A,3850.6748,N,07704.5781,W,000.1,005.8,030926,,,A*77
$HRFSSI,-57*
$RFMSGEND*
$RFMSGFROM,17157,35,111,0,0*
$DECOMPRESS,70*
$BAROALT,101662.00,26,-2.7*
$BATMV,3622*
$GPGGA,041714.500,3850.6748,N,07704.5786,W,1,08,01.8,08.1,M,-34.0,M,0,0*65
$GPRMC,041714.500,A,3850.6748,N,07704.5786,W,000.3,005.8,030926,,,A*75
$HRFSSI,-57*
$RFMSGEND*
$RFMSGFROM,17157,35,111,0,0*
$DECOMPRESS,70*
$BAROALT,101663.25,26,-2.8*
$BATMV,3622*
$GPGGA,041715.500,3850.6748,N,07704.5786,W,1,08,01.8,08.2,M,-34.0,M,0,0*67
$GPRMC,041715.500,A,3850.6748,N,07704.5786,W,000.1,005.8,030926,,,A*76
$HRFSSI,-56*
$RFMSGEND*
$RFMSGFROM,17157,35,111,0,0*
$DECOMPRESS,70*
$BAROALT,101663.75,26,-2.8*
$BATMV,3622*
$GPGGA,041716.500,3850.6748,N,07704.5786,W,1,08,01.8,08.2,M,-34.0,M,0,0*64
$GPRMC,041716.500,A,3850.6748,N,07704.5786,W,000.3,005.8,030926,,,A*77
$HRFSSI,-57*
$RFMSGEND*
$RFMSGFROM,17157,35,111,0,0*
$DECOMPRESS,70*
$BAROALT,101663.50,26,-2.8*
$BATMV,3622*
$GPGGA,041717.500,3850.6743,N,07704.5786,W,1,07,01.8,07.6,M,-34.0,M,0,0*6A
$GPRMC,041717.500,A,3850.6743,N,07704.5786,W,000.0,308.9,030926,,,A*71
$HRFSSI,-56*
$RFMSGEND*
$RFMSGFROM,17157,35,111,0,0*
$DECOMPRESS,70*
$BAROALT,101665.25,26,-2.8*
$BATMV,3622*
$GPGGA,041718.500,3850.6743,N,07704.5786,W,1,07,01.8,07.4,M,-34.0,M,0,0*67
$GPRMC,041718.500,A,3850.6743,N,07704.5786,W,000.0,308.9,030926,,,A*7E
$HRFSSI,-56*
$RFMSGEND*
$RFMSGFROM,17157,35,111,0,0*
$DECOMPRESS,70*
$BAROALT,101663.50,26,-2.8*
$BATMV,3622*
$GPGGA,041719.500,3850.6740,N,07704.5786,W,1,08,01.8,07.1,M,-34.0,M,0,0*6F
$GPRMC,041719.500,A,3850.6740,N,07704.5786,W,000.1,308.9,030926,,,A*7D
$HRFSSI,-55*
$RFMSGEND*
$RFMSGFROM,17157,35,111,0,0*
$DECOMPRESS,70*
$BAROALT,101663.50,26,-2.8*
$BATMV,3628*
$GPGGA,041720.500,3850.6740,N,07704.5786,W,1,08,01.8,06.8,M,-34.0,M,0,0*6D
$GPRMC,041720.500,A,3850.6740,N,07704.5786,W,000.0,308.9,030926,,,A*76
$HRFSSI,-56*
$RFMSGEND*
$RFMSGFROM,17157,35,111,0,0*
$DECOMPRESS,70*
$BAROALT,101660.75,26,-2.7*
$BATMV,3628*
$GPGGA,041721.500,3850.6738,N,07704.5786,W,1,09,01.8,06.4,M,-34.0,M,0,0*6E
$GPRMC,041721.500,A,3850.6738,N,07704.5786,W,000.0,308.9,030926,,,A*78
$HRFSSI,-56*
$RFMSGEND*
$RFMSGFROM,17157,35,111,0,0*
$DECOMPRESS,70*
$BAROALT,101662.00,26,-2.7*
$BATMV,3622*
$GPGGA,041722.500,3850.6735,N,07704.5786,W,1,09,01.1,06.1,M,-34.0,M,0,0*6C
$GPRMC,041722.500,A,3850.6735,N,07704.5786,W,000.1,308.9,030926,,,A*77
$HRFSSI,-56*
$RFMSGEND*
$RFMSGFROM,17157,35,111,0,0*
$DECOMPRESS,70*
$BAROALT,101662.00,26,-2.7*
$BATMV,3622*
$GPGGA,041723.500,3850.6733,N,07704.5786,W,1,09,01.8,06.0,M,-34.0,M,0,0*63
$GPRMC,041723.500,A,3850.6733,N,07704.5786,W,000.0,308.9,030926,,,A*71
$HRFSSI,-55*
$RFMSGEND*
$RFMSGFROM,17157,35,111,0,0*
$DECOMPRESS,70*
$BAROALT,101664.75,26,-2.8*
$BATMV,3628*
$GPGGA,041724.500,3850.6730,N,07704.5786,W,1,09,01.8,05.7,M,-34.0,M,0,0*63
$GPRMC,041724.500,A,3850.6730,N,07704.5786,W,000.0,308.9,030926,,,A*75
$HRFSSI,-56*
$RFMSGEND*
$RFMSGFROM,17157,35,111,0,0*
$DECOMPRESS,70*
$BAROALT,101665.00,26,-2.8*
$BATMV,3622*
$GPGGA,041725.500,3850.6728,N,07704.5786,W,1,09,01.8,05.5,M,-34.0,M,0,0*69
$GPRMC,041725.500,A,3850.6728,N,07704.5786,W,000.0,308.9,030926,,,A*7D
$HRFSSI,-56*
$RFMSGEND*
$RFMSGFROM,17157,35,111,0,0*
$DECOMPRESS,70*
$BAROALT,101666.75,26,-2.8*
$BATMV,3628*
$GPGGA,041726.500,3850.6728,N,07704.5786,W,1,09,01.8,05.3,M,-34.0,M,0,0*6C
$GPRMC,041726.500,A,3850.6728,N,07704.5786,W,000.0,308.9,030926,,,A*7E
$HRFSSI,-56*
$RFMSGEND*
$RFMSGFROM,17157,35,111,0,0*
$DECOMPRESS,70*
$BAROALT,101663.50,26,-2.8*
$BATMV,3622*
$GPGGA,041727.500,3850.6726,N,07704.5786,W,1,08,01.8,05.0,M,-34.0,M,0,0*61
$GPRMC,041727.500,A,3850.6726,N,07704.5786,W,000.0,308.9,030926,,,A*71
$HRFSSI,-55*
$RFMSGEND*
$RFMSGFROM,17157,35,111,0,0*
$DECOMPRESS,70*
$BAROALT,101664.50,26,-2.8*
$BATMV,3628*
$GPGGA,041728.500,3850.6726,N,07704.5791,W,1,07,01.2,04.9,M,-34.0,M,0,0*65
$GPRMC,041728.500,A,3850.6726,N,07704.5791,W,000.1,308.9,030926,,,A*79
$HRFSSI,-56*
$RFMSGEND*
$RFMSGFROM,17157,35,111,0,0*
$DECOMPRESS,70*
$BAROALT,101664.00,26,-2.8*
$BATMV,3622*
$GPGGA,041729.500,3850.6723,N,07704.5791,W,1,09,01.8,04.6,M,-34.0,M,0,0*6A
$GPRMC,041729.500,A,3850.6723,N,07704.5791,W,000.1,308.9,030926,,,A*7D
$HRFSSI,-56*
$RFMSGEND*
$RFMSGFROM,17157,35,111,0,0*
$DECOMPRESS,70*
$BAROALT,101664.00,26,-2.8*
$BATMV,3622*
$GPGGA,041730.500,3850.6723,N,07704.5791,W,1,09,01.8,04.6,M,-34.0,M,0,0*62
$GPRMC,041730.500,A,3850.6723,N,07704.5791,W,000.0,308.9,030926,,,A*74
$HRFSSI,-56*
$RFMSGEND*
$RFMSGFROM,17157,35,111,0,0*
$DECOMPRESS,70*
$BAROALT,101663.50,26,-2.8*
$BATMV,3628*
$GPGGA,041731.500,3850.6723,N,07704.5791,W,1,09,02.0,04.7,M,-34.0,M,0,0*69
$GPRMC,041731.500,A,3850.6723,N,07704.5791,W,000.2,308.9,030926,,,A*77
$HRFSSI,-56*
$RFMSGEND*
$RFMSGFROM,17157,35,111,0,0*
$DECOMPRESS,70*
$BAROALT,101664.75,26,-2.8*
$BATMV,3622*
$GPGGA,041732.500,3850.6721,N,07704.5791,W,1,07,01.2,04.6,M,-34.0,M,0,0*66
$GPRMC,041732.500,A,3850.6721,N,07704.5791,W,000.1,308.9,030926,,,A*75
$HRFSSI,-55*
$RFMSGEND*
$RFMSGFROM,17157,35,111,0,0*
$DECOMPRESS,70*
$BAROALT,101661.25,26,-2.7*
$BATMV,3622*
$GPGGA,041733.500,3850.6723,N,07704.5791,W,1,07,01.2,05.0,M,-34.0,M,0,0*62
$GPRMC,041733.500,A,3850.6723,N,07704.5791,W,000.0,308.9,030926,,,A*77
$HRFSSI,-55*
$RFMSGEND*
$RFMSGFROM,17157,35,111,0,0*
$DECOMPRESS,70*
$BAROALT,101662.25,26,-2.7*
$BATMV,3622*
$GPGGA,041734.500,3850.6723,N,07704.5791,W,1,07,01.2,05.5,M,-34.0,M,0,0*60
$GPRMC,041734.500,A,3850.6723,N,07704.5791,W,000.1,308.9,030926,,,A*71
$HRFSSI,-55*
$RFMSGEND*
$RFMSGFROM,17157,35,111,0,0*
$DECOMPRESS,70*
$BAROALT,101665.75,26,-2.8*
$BATMV,3622*
$GPGGA,041735.500,3850.6723,N,07704.5791,W,1,07,01.2,05.6,M,-34.0,M,0,0*62
$GPRMC,041735.500,A,3850.6723,N,07704.5791,W,000.0,308.9,030926,,,A*71
$HRFSSI,-56*
$RFMSGEND*
$RFMSGFROM,17157,35,111,0,0*
$DECOMPRESS,70*
$BAROALT,101667.50,26,-2.8*
$BATMV,3622*
$GPGGA,041736.500,3850.6723,N,07704.5791,W,1,07,01.2,05.9,M,-34.0,M,0,0*6E
$GPRMC,041736.500,A,3850.6723,N,07704.5791,W,000.0,308.9,030926,,,A*72
$HRFSSI,-55*
$RFMSGEND*
$RFMSGFROM,17157,35,111,0,0*
$DECOMPRESS,70*
$BAROALT,101664.25,26,-2.8*
$BATMV,3622*
$GPGGA,041737.500,3850.6726,N,07704.5791,W,1,07,01.2,06.1,M,-34.0,M,0,0*61
$GPRMC,041737.500,A,3850.6726,N,07704.5791,W,000.1,308.9,030926,,,A*77
$HRFSSI,-56*
$RFMSGEND*
$RFMSGFROM,17157,35,111,0,0*
$DECOMPRESS,70*
$BAROALT,101663.50,26,-2.8*
$BATMV,3622*
$GPGGA,041738.500,3850.6726,N,07704.5791,W,1,07,02.3,06.2,M,-34.0,M,0,0*6F
$GPRMC,041738.500,A,3850.6726,N,07704.5791,W,000.1,308.9,030926,,,A*78
$HRFSSI,-55*
$RFMSGEND*
$RFMSGFROM,17157,35,111,0,0*
$DECOMPRESS,70*
$BAROALT,101662.50,26,-2.7*
$BATMV,3622*
$GPGGA,041739.500,3850.6723,N,07704.5791,W,1,07,01.2,06.2,M,-34.0,M,0,0*69
$GPRMC,041739.500,A,3850.6723,N,07704.5791,W,000.1,308.9,030926,,,A*7C
$HRFSSI,-56*
$RFMSGEND*
$RFMSGFROM,17157,35,111,0,0*
$DECOMPRESS,70*
$BAROALT,101662.25,26,-2.7*
$BATMV,3622*
$GPGGA,041740.500,3850.6723,N,07704.5791,W,1,07,01.2,06.2,M,-34.0,M,0,0*67
$GPRMC,041740.500,A,3850.6723,N,07704.5791,W,000.2,308.9,030926,,,A*71
$HRFSSI,-54*
$RFMSGEND*
$RFMSGFROM,17157,35,111,0,0*
$DECOMPRESS,70*
$BAROALT,101660.25,26,-2.7*
$BATMV,3622*
$GPGGA,041741.500,3850.6726,N,07704.5791,W,1,07,01.2,06.7,M,-34.0,M,0,0*66
$GPRMC,041741.500,A,3850.6726,N,07704.5791,W,000.3,308.9,030926,,,A*74
$HRFSSI,-54*
$RFMSGEND*
$RFMSGFROM,17157,35,111,0,0*
$DECOMPRESS,70*
$BAROALT,101663.75,26,-2.8*
$BATMV,3622*
$GPGGA,041742.500,3850.6726,N,07704.5791,W,1,07,01.2,06.8,M,-34.0,M,0,0*6A
$GPRMC,041742.500,A,3850.6726,N,07704.5791,W,000.1,308.9,030926,,,A*75
$HRFSSI,-55*
$RFMSGEND*
$RFMSGFROM,17157,35,111,0,0*
$DECOMPRESS,70*
$BAROALT,101664.25,26,-2.8*
$BATMV,3622*
$GPGGA,041743.500,3850.6728,N,07704.5791,W,1,07,01.2,07.3,M,-34.0,M,0,0*6F
$GPRMC,041743.500,A,3850.6728,N,07704.5791,W,000.3,308.9,030926,,,A*78
$HRFSSI,-54*
$RFMSGEND*
$RFMSGFROM,17157,35,111,0,0*
$DECOMPRESS,70*
$BAROALT,101666.75,26,-2.8*
$BATMV,3628*
$GPGGA,041744.500,3850.6730,N,07704.5791,W,1,07,01.2,08.0,M,-34.0,M,0,0*6D
$GPRMC,041744.500,A,3850.6730,N,07704.5791,W,000.1,308.9,030926,,,A*74
$HRFSSI,-55*
$RFMSGEND*
$RFMSGFROM,17157,35,111,0,0*
$DECOMPRESS,70*
$BAROALT,101662.50,26,-2.7*
$BATMV,3622*
$GPGGA,041745.500,3850.6728,N,07704.5791,W,1,07,01.2,07.5,M,-34.0,M,0,0*6F
$GPRMC,041745.500,A,3850.6728,N,07704.5791,W,000.3,308.9,030926,,,A*7E
$HRFSSI,-54*
$RFMSGEND*
$RFMSGFROM,17157,35,111,0,0*
$DECOMPRESS,70*
$BAROALT,101666.50,26,-2.8*
$BATMV,3622*
$GPGGA,041746.500,3850.6728,N,07704.5791,W,1,07,01.2,07.6,M,-34.0,M,0,0*6F
$GPRMC,041746.500,A,3850.6728,N,07704.5791,W,000.6,226.4,030926,,,A*78
$HRFSSI,-54*
$RFMSGEND*
$RFMSGFROM,17157,35,111,0,0*
$DECOMPRESS,70*
$BAROALT,101661.50,26,-2.7*
$BATMV,3622*
$GPGGA,041747.500,3850.6728,N,07704.5791,W,1,08,01.1,07.6,M,-34.0,M,0,0*62
$GPRMC,041747.500,A,3850.6728,N,07704.5791,W,000.4,211.8,030926,,,A*73
$HRFSSI,-54*
$RFMSGEND*
$RFMSGFROM,17157,35,111,0,0*
$DECOMPRESS,70*
$BAROALT,101663.50,26,-2.8*
$BATMV,3622*
$GPGGA,041748.500,3850.6728,N,07704.5791,W,1,08,01.1,07.9,M,-34.0,M,0,0*62
$GPRMC,041748.500,A,3850.6728,N,07704.5791,W,000.3,211.8,030926,,,A*7B
$HRFSSI,-52*
$RFMSGEND*
$RFMSGFROM,17157,35,111,0,0*
$DECOMPRESS,70*
$BAROALT,101665.75,26,-2.8*
$BATMV,3622*
$GPGGA,041749.500,3850.6728,N,07704.5791,W,1,09,01.1,08.1,M,-34.0,M,0,0*65
$GPRMC,041749.500,A,3850.6728,N,07704.5791,W,000.5,201.3,030926,,,A*76
$HRFSSI,-53*
$RFMSGEND*
$RFMSGFROM,17157,35,111,0,0*
$DECOMPRESS,70*
$BAROALT,101665.00,26,-2.8*
$BATMV,3622*
$GPGGA,041750.500,3850.6730,N,07704.5791,W,1,09,01.7,08.5,M,-34.0,M,0,0*66
$GPRMC,041750.500,A,3850.6730,N,07704.5791,W,000.2,201.3,030926,,,A*70
$HRFSSI,-51*
$RFMSGEND*
$RFMSGFROM,17157,35,111,0,0*
$DECOMPRESS,70*
$BAROALT,101662.25,26,-2.7*
$BATMV,3628*
$GPGGA,041751.500,3850.6735,N,07704.5791,W,1,09,01.1,09.5,M,-34.0,M,0,0*65
$GPRMC,041751.500,A,3850.6735,N,07704.5791,W,000.7,307.3,030926,,,A*76
$HRFSSI,-52*
$RFMSGEND*
$RFMSGFROM,17157,35,111,0,0*
$DECOMPRESS,70*
$BAROALT,101664.25,26,-2.8*
$BATMV,3616*
$GPGGA,041752.500,3850.6735,N,07704.5791,W,1,08,01.8,09.5,M,-34.0,M,0,0*6E
$GPRMC,041752.500,A,3850.6735,N,07704.5791,W,000.1,307.3,030926,,,A*73
$HRFSSI,-52*
$RFMSGEND*
$RFMSGFROM,17157,35,111,0,0*
$DECOMPRESS,70*
$BAROALT,101664.50,26,-2.8*
$BATMV,3622*
$GPGGA,041753.500,3850.6735,N,07704.5791,W,1,09,01.7,09.4,M,-34.0,M,0,0*60
$GPRMC,041753.500,A,3850.6735,N,07704.5791,W,000.0,307.3,030926,,,A*73
$HRFSSI,-52*
$RFMSGEND*
$RFMSGFROM,17157,35,111,0,0*
$DECOMPRESS,70*
$BAROALT,101664.25,26,-2.8*
$BATMV,3622*
$GPGGA,041754.500,3850.6733,N,07704.5795,W,1,08,01.8,09.1,M,-34.0,M,0,0*6E
$GPRMC,041754.500,A,3850.6733,N,07704.5795,W,000.1,307.3,030926,,,A*77
$HRFSSI,-51*
$RFMSGEND*
$RFMSGFROM,17157,35,111,0,0*
$DECOMPRESS,70*
$BAROALT,101664.50,26,-2.8*
$BATMV,3622*
$GPGGA,041755.500,3850.6733,N,07704.5795,W,1,08,01.8,09.1,M,-34.0,M,0,0*6F
$GPRMC,041755.500,A,3850.6733,N,07704.5795,W,000.2,307.3,030926,,,A*75
$HRFSSI,-52*
$RFMSGEND*
$RFMSGFROM,17157,35,111,0,0*
$DECOMPRESS,70*
$BAROALT,101663.75,26,-2.8*
$BATMV,3622*
$GPGGA,041756.500,3850.6730,N,07704.5795,W,1,09,01.7,08.5,M,-34.0,M,0,0*64
$GPRMC,041756.500,A,3850.6730,N,07704.5795,W,000.0,267.8,030926,,,A*7B
$HRFSSI,-51*
$RFMSGEND*
$RFMSGFROM,17157,35,111,0,0*
$DECOMPRESS,70*
$BAROALT,101661.75,26,-2.7*
$BATMV,3628*
$GPGGA,041757.500,3850.6726,N,07704.5795,W,1,09,01.7,07.6,M,-34.0,M,0,0*6E
$GPRMC,041757.500,A,3850.6726,N,07704.5795,W,000.5,206.1,030926,,,A*76
$HRFSSI,-51*
$RFMSGEND*
$RFMSGFROM,17157,35,111,0,0*
$DECOMPRESS,70*
$BAROALT,101660.00,26,-2.7*
$BATMV,3622*
$GPGGA,041758.500,3850.6721,N,07704.5795,W,1,09,01.7,06.9,M,-34.0,M,0,0*68
$GPRMC,041758.500,A,3850.6721,N,07704.5795,W,000.8,188.2,030926,,,A*75
$HRFSSI,-51*
$RFMSGEND*
$RFMSGFROM,17157,35,111,0,0*
$DECOMPRESS,70*
$BAROALT,101665.50,26,-2.8*
$BATMV,3628*
$GPGGA,041759.500,3850.6721,N,07704.5795,W,1,09,01.7,07.2,M,-34.0,M,0,0*63
$GPRMC,041759.500,A,3850.6721,N,07704.5795,W,000.1,186.1,030926,,,A*70
$HRFSSI,-51*
$RFMSGEND*
$RFMSGFROM,17157,35,111,0,0*
$DECOMPRESS,70*
$BAROALT,101662.25,26,-2.7*
$BATMV,3622*
$GPGGA,041800.500,3850.6721,N,07704.5800,W,1,09,01.7,07.1,M,-34.0,M,0,0*60
$GPRMC,041800.500,A,3850.6721,N,07704.5800,W,000.3,186.1,030926,,,A*72
$HRFSSI,-52*
$RFMSGEND*
$RFMSGFROM,17157,35,111,0,0*
$DECOMPRESS,70*
$BAROALT,101664.00,26,-2.8*
$BATMV,3622*
$GPGGA,041801.500,3850.6718,N,07704.5800,W,1,09,01.7,06.8,M,-34.0,M,0,0*63
$GPRMC,041801.500,A,3850.6718,N,07704.5800,W,000.0,186.1,030926,,,A*7A
$HRFSSI,-51*
$RFMSGEND*
$RFMSGFROM,17157,35,111,0,0*
$DECOMPRESS,70*
$BAROALT,101661.75,26,-2.7*
$BATMV,3622*
$GPGGA,041802.500,3850.6718,N,07704.5800,W,1,09,01.7,06.5,M,-34.0,M,0,0*6D
$GPRMC,041802.500,A,3850.6718,N,07704.5800,W,000.2,186.1,030926,,,A*7B
$HRFSSI,-52*
$RFMSGEND*
$RFMSGFROM,17157,35,111,0,0*
$DECOMPRESS,70*
$BAROALT,101665.50,26,-2.8*
$BATMV,3622*
$GPGGA,041803.500,3850.6716,N,07704.5800,W,1,09,01.7,06.2,M,-34.0,M,0,0*65
$GPRMC,041803.500,A,3850.6716,N,07704.5800,W,000.0,186.1,030926,,,A*76
$HRFSSI,-52*
$RFMSGEND*
$RFMSGFROM,17157,35,111,0,0*
$DECOMPRESS,70*
$BAROALT,101665.50,26,-2.8*
$BATMV,3622*
$GPGGA,041804.500,3850.6713,N,07704.5800,W,1,09,01.7,05.8,M,-34.0,M,0,0*6E
$GPRMC,041804.500,A,3850.6713,N,07704.5800,W,000.2,186.1,030926,,,A*76
$HRFSSI,-52*
$RFMSGEND*
$RFMSGFROM,17157,35,111,0,0*
$DECOMPRESS,70*
$BAROALT,101665.25,26,-2.8*
$BATMV,3622*
$GPGGA,041805.500,3850.6713,N,07704.5800,W,1,09,01.7,05.7,M,-34.0,M,0,0*60
$GPRMC,041805.500,A,3850.6713,N,07704.5800,W,000.1,186.1,030926,,,A*74
$HRFSSI,-52*
$RFMSGEND*
$RFMSGFROM,17157,35,111,0,0*
$DECOMPRESS,70*
$BAROALT,101664.00,26,-2.8*
$BATMV,3622*
$GPGGA,041806.500,3850.6713,N,07704.5805,W,1,08,01.7,05.8,M,-34.0,M,0,0*68
$GPRMC,041806.500,A,3850.6713,N,07704.5805,W,000.3,186.1,030926,,,A*70
$HRFSSI,-52*
$RFMSGEND*
$RFMSGFROM,17157,35,111,0,0*
$DECOMPRESS,70*
$BAROALT,101665.00,26,-2.8*
$BATMV,3616*
$GPGGA,041807.500,3850.6713,N,07704.5805,W,1,08,01.7,05.7,M,-34.0,M,0,0*66
$GPRMC,041807.500,A,3850.6713,N,07704.5805,W,000.1,186.1,030926,,,A*73
$HRFSSI,-51*
$RFMSGEND*
$RFMSGFROM,17157,35,111,0,0*
$DECOMPRESS,70*
$BAROALT,101660.75,26,-2.7*
$BATMV,3628*
$GPGGA,041808.500,3850.6713,N,07704.5805,W,1,09,01.7,05.8,M,-34.0,M,0,0*67
$GPRMC,041808.500,A,3850.6713,N,07704.5805,W,000.0,276.2,030926,,,A*72
$HRFSSI,-53*
$RFMSGEND*
$RFMSGFROM,17157,35,111,0,0*
$DECOMPRESS,70*
$BAROALT,101661.00,26,-2.7*
$BATMV,3622*
$GPGGA,041809.500,3850.6713,N,07704.5805,W,1,09,01.7,06.0,M,-34.0,M,0,0*6D
$GPRMC,041809.500,A,3850.6713,N,07704.5805,W,000.0,276.2,030926,,,A*73
$HRFSSI,-51*
$RFMSGEND*
$RFMSGFROM,17157,35,111,0,0*
$DECOMPRESS,70*
$BAROALT,101663.50,26,-2.8*
$BATMV,3622*
$GPGGA,041810.500,3850.6711,N,07704.5805,W,1,08,01.8,06.0,M,-34.0,M,0,0*69
$GPRMC,041810.500,A,3850.6711,N,07704.5805,W,000.2,230.1,030926,,,A*7A
$HRFSSI,-51*
$RFMSGEND*
$RFMSGFROM,17157,35,111,0,0*
$DECOMPRESS,70*
$BAROALT,101668.25,26,-2.8*
$BATMV,3622*
$GPGGA,041811.500,3850.6711,N,07704.5810,W,1,09,01.7,05.9,M,-34.0,M,0,0*68
$GPRMC,041811.500,A,3850.6711,N,07704.5810,W,000.0,230.1,030926,,,A*7D
$HRFSSI,-52*
$RFMSGEND*
$RFMSGFROM,17157,35,111,0,0*
$DECOMPRESS,70*
$BAROALT,101659.75,26,-2.7*
$BATMV,3628*
$GPGGA,041812.500,3850.6713,N,07704.5810,W,1,09,01.7,06.2,M,-34.0,M,0,0*61
$GPRMC,041812.500,A,3850.6713,N,07704.5810,W,000.0,230.1,030926,,,A*7C
$HRFSSI,-51*
$RFMSGEND*
$RFMSGFROM,17157,35,111,0,0*
$DECOMPRESS,70*
$BAROALT,101663.75,26,-2.8*
$BATMV,3622*
$GPGGA,041813.500,3850.6713,N,07704.5810,W,1,09,01.7,06.3,M,-34.0,M,0,0*61
$GPRMC,041813.500,A,3850.6713,N,07704.5810,W,000.0,230.1,030926,,,A*7D
$HRFSSI,-53*
$RFMSGEND*
$RFMSGFROM,17157,35,111,0,0*
$DECOMPRESS,70*
$BAROALT,101663.25,26,-2.8*
$BATMV,3622*
$GPGGA,041814.500,3850.6713,N,07704.5810,W,1,09,01.7,06.6,M,-34.0,M,0,0*63
$GPRMC,041814.500,A,3850.6713,N,07704.5810,W,000.0,230.1,030926,,,A*7A
$HRFSSI,-52*
$RFMSGEND*
$RFMSGFROM,17157,35,111,0,0*
$DECOMPRESS,70*
$BAROALT,101662.50,26,-2.7*
$BATMV,3622*
$GPGGA,041815.500,3850.6713,N,07704.5810,W,1,09,01.7,06.6,M,-34.0,M,0,0*62
$GPRMC,041815.500,A,3850.6713,N,07704.5810,W,000.0,230.1,030926,,,A*7B
$HRFSSI,-52*
$RFMSGEND*
$RFMSGFROM,17157,35,111,0,0*
$DECOMPRESS,70*
$BAROALT,101663.50,26,-2.8*
$BATMV,3622*
$GPGGA,041816.500,3850.6711,N,07704.5810,W,1,09,01.7,06.4,M,-34.0,M,0,0*61
$GPRMC,041816.500,A,3850.6711,N,07704.5810,W,000.0,230.1,030926,,,A*7A
$HRFSSI,-52*
$RFMSGEND*
$RFMSGFROM,17157,35,111,0,0*
$DECOMPRESS,70*
$BAROALT,101663.00,26,-2.8*
$BATMV,3622*
$GPGGA,041817.500,3850.6713,N,07704.5810,W,1,08,01.9,06.8,M,-34.0,M,0,0*61
$GPRMC,041817.500,A,3850.6713,N,07704.5810,W,000.2,230.1,030926,,,A*7B
$HRFSSI,-54*
$RFMSGEND*
$RFMSGFROM,17157,35,111,0,0*
$DECOMPRESS,70*
$BAROALT,101661.50,26,-2.7*
$BATMV,3622*
$GPGGA,041818.500,3850.6713,N,07704.5810,W,1,08,01.9,06.9,M,-34.0,M,0,0*6F
$GPRMC,041818.500,A,3850.6713,N,07704.5810,W,000.1,230.1,030926,,,A*77
$HRFSSI,-55*
$RFMSGEND*
$RFMSGFROM,17157,35,111,0,0*
$DECOMPRESS,70*
$BAROALT,101661.50,26,-2.7*
$BATMV,3628*
$GPGGA,041819.500,3850.6716,N,07704.5810,W,1,09,01.7,07.2,M,-34.0,M,0,0*6E
$GPRMC,041819.500,A,3850.6716,N,07704.5810,W,000.2,230.1,030926,,,A*70
$HRFSSI,-52*
$RFMSGEND*
$RFMSGFROM,17157,35,111,0,0*
$DECOMPRESS,70*
$BAROALT,101663.00,26,-2.8*
$BATMV,3628*
$GPGGA,041820.500,3850.6721,N,07704.5810,W,1,09,01.7,08.1,M,-34.0,M,0,0*6C
$GPRMC,041820.500,A,3850.6721,N,07704.5810,W,000.4,316.2,030926,,,A*7E
$HRFSSI,-52*
$RFMSGEND*
$RFMSGFROM,17157,35,111,0,0*
$DECOMPRESS,70*
$BAROALT,101664.75,26,-2.8*
$BATMV,3628*
$GPGGA,041821.500,3850.6721,N,07704.5810,W,1,09,01.7,08.3,M,-34.0,M,0,0*6F
$GPRMC,041821.500,A,3850.6721,N,07704.5810,W,000.2,316.2,030926,,,A*79
$HRFSSI,-55*
$RFMSGEND*
$RFMSGFROM,17157,35,111,0,0*
$DECOMPRESS,70*
$BAROALT,101665.75,26,-2.8*
$BATMV,3628*
$GPGGA,041822.500,3850.6721,N,07704.5810,W,1,09,01.7,08.3,M,-34.0,M,0,0*6C
$GPRMC,041822.500,A,3850.6721,N,07704.5810,W,000.1,316.2,030926,,,A*79
$HRFSSI,-53*
$RFMSGEND*
$RFMSGFROM,17157,35,111,0,0*
$DECOMPRESS,70*
$BAROALT,101663.75,26,-2.8*
$BATMV,3628*
$GPGGA,041823.500,3850.6721,N,07704.5810,W,1,09,01.7,08.5,M,-34.0,M,0,0*6B
$GPRMC,041823.500,A,3850.6721,N,07704.5810,W,000.5,316.2,030926,,,A*7C
$HRFSSI,-53*
$RFMSGEND*
$RFMSGFROM,17157,35,111,0,0*
$DECOMPRESS,70*
$BAROALT,101662.25,26,-2.7*
$BATMV,3628*
$GPGGA,041824.500,3850.6726,N,07704.5810,W,1,08,01.7,09.0,M,-34.0,M,0,0*6E
$GPRMC,041824.500,A,3850.6726,N,07704.5810,W,000.5,316.2,030926,,,A*7C
$HRFSSI,-54*
$RFMSGEND*
$RFMSGFROM,17157,35,111,0,0*
$DECOMPRESS,70*
$BAROALT,101663.00,26,-2.8*
$BATMV,3622*
$GPGGA,041825.500,3850.6728,N,07704.5810,W,1,08,01.7,09.4,M,-34.0,M,0,0*65
$GPRMC,041825.500,A,3850.6728,N,07704.5810,W,000.5,316.2,030926,,,A*73
$HRFSSI,-55*
$RFMSGEND*
$RFMSGFROM,17157,35,111,0,0*
$DECOMPRESS,70*
$BAROALT,101665.75,26,-2.8*
$BATMV,3622*
$GPGGA,041826.500,3850.6728,N,07704.5810,W,1,08,01.7,09.7,M,-34.0,M,0,0*65
$GPRMC,041826.500,A,3850.6728,N,07704.5810,W,000.2,316.2,030926,,,A*77
$HRFSSI,-53*
$RFMSGEND*
$RFMSGFROM,17157,35,111,0,0*
$DECOMPRESS,70*
$BAROALT,101665.50,26,-2.8*
$BATMV,3622*
$GPGGA,041827.500,3850.6730,N,07704.5810,W,1,08,01.7,10.1,M,-34.0,M,0,0*63
$GPRMC,041827.500,A,3850.6730,N,07704.5810,W,000.1,267.9,030926,,,A*70
$HRFSSI,-54*
$RFMSGEND*
$RFMSGFROM,17157,35,111,0,0*
$DECOMPRESS,70*
$BAROALT,101663.50,26,-2.8*
$BATMV,3616*
$GPGGA,041828.500,3850.6733,N,07704.5810,W,1,08,01.7,10.4,M,-34.0,M,0,0*6A
$GPRMC,041828.500,A,3850.6733,N,07704.5810,W,000.2,267.9,030926,,,A*7F
$HRFSSI,-54*
$RFMSGEND*
$RFMSGFROM,17157,35,111,0,0*
$DECOMPRESS,70*
$BAROALT,101661.00,26,-2.7*
$BATMV,3616*
$GPGGA,041829.500,3850.6730,N,07704.5810,W,1,09,01.7,09.9,M,-34.0,M,0,0*6C
$GPRMC,041829.500,A,3850.6730,N,07704.5810,W,000.6,267.9,030926,,,A*79
$HRFSSI,-54*
$RFMSGEND*
$RFMSGFROM,17157,35,111,0,0*
$DECOMPRESS,70*
$BAROALT,101662.50,26,-2.7*
$BATMV,3622*
$GPGGA,041830.500,3850.6730,N,07704.5815,W,1,09,01.1,09.8,M,-34.0,M,0,0*66
$GPRMC,041830.500,A,3850.6730,N,07704.5815,W,000.3,245.2,030926,,,A*7A
$HRFSSI,-54*
$RFMSGEND*
$RFMSGFROM,17157,35,111,0,0*
$DECOMPRESS,70*
$BAROALT,101665.75,26,-2.8*
$BATMV,3622*
$GPGGA,041831.500,3850.6730,N,07704.5815,W,1,09,01.1,09.9,M,-34.0,M,0,0*66
$GPRMC,041831.500,A,3850.6730,N,07704.5815,W,000.7,220.0,030926,,,A*7E
$HRFSSI,-54*
$RFMSGEND*
$RFMSGFROM,17157,35,111,0,0*
$DECOMPRESS,70*
$BAROALT,101663.50,26,-2.8*
$BATMV,3622*
$GPGGA,041832.500,3850.6735,N,07704.5815,W,1,09,01.1,10.6,M,-34.0,M,0,0*67
$GPRMC,041832.500,A,3850.6735,N,07704.5815,W,000.8,211.0,030926,,,A*75
$HRFSSI,-53*
$RFMSGEND*
$RFMSGFROM,17157,35,111,0,0*
$DECOMPRESS,70*
$BAROALT,101664.50,26,-2.8*
$BATMV,3622*
$GPGGA,041833.500,3850.6738,N,07704.5815,W,1,08,01.9,11.4,M,-34.0,M,0,0*61
$GPRMC,041833.500,A,3850.6738,N,07704.5815,W,000.5,211.0,030926,,,A*74
$HRFSSI,-54*
$RFMSGEND*
$RFMSGFROM,17157,35,111,0,0*
$DECOMPRESS,70*
$BAROALT,101661.75,26,-2.7*
$BATMV,3622*
$GPGGA,041834.500,3850.6740,N,07704.5815,W,1,08,01.2,11.4,M,-34.0,M,0,0*62
$GPRMC,041834.500,A,3850.6740,N,07704.5815,W,000.3,211.0,030926,,,A*7A
$HRFSSI,-54*
$RFMSGEND*
$RFMSGFROM,17157,35,111,0,0*
$DECOMPRESS,70*
$BAROALT,101662.00,26,-2.7*
$BATMV,3622*
$GPGGA,041835.500,3850.6743,N,07704.5815,W,1,09,01.1,11.7,M,-34.0,M,0,0*61
$GPRMC,041835.500,A,3850.6743,N,07704.5815,W,000.9,211.0,030926,,,A*72
$HRFSSI,-53*
$RFMSGEND*
$RFMSGFROM,17157,35,111,0,0*
$DECOMPRESS,70*
$BAROALT,101665.25,26,-2.8*
$BATMV,3622*
$GPGGA,041836.500,3850.6743,N,07704.5815,W,1,09,01.1,12.1,M,-34.0,M,0,0*67
$GPRMC,041836.500,A,3850.6743,N,07704.5815,W,000.9,218.4,030926,,,A*7C
$HRFSSI,-53*
$RFMSGEND*
$RFMSGFROM,17157,35,111,0,0*
$DECOMPRESS,70*
$BAROALT,101664.00,26,-2.8*
$BATMV,3622*
$GPGGA,041837.500,3850.6743,N,07704.5810,W,1,09,01.7,12.2,M,-34.0,M,0,0*66
$GPRMC,041837.500,A,3850.6743,N,07704.5810,W,000.3,218.4,030926,,,A*72
$HRFSSI,-53*
$RFMSGEND*
$RFMSGFROM,17157,35,111,0,0*
$DECOMPRESS,70*
$BAROALT,101665.00,26,-2.8*
$BATMV,3616*
$GPGGA,041838.500,3850.6743,N,07704.5815,W,1,09,01.1,12.1,M,-34.0,M,0,0*69
$GPRMC,041838.500,A,3850.6743,N,07704.5815,W,000.2,218.4,030926,,,A*79
$HRFSSI,-53*
$RFMSGEND*
$RFMSGFROM,17157,35,111,0,0*
$DECOMPRESS,70*
$BAROALT,101664.00,26,-2.8*
$BATMV,3616*
$GPGGA,041839.500,3850.6745,N,07704.5815,W,1,09,01.1,12.0,M,-34.0,M,0,0*6F
$GPRMC,041839.500,A,3850.6745,N,07704.5815,W,000.4,218.4,030926,,,A*78
$HRFSSI,-51*
$RFMSGEND*
$RFMSGFROM,17157,35,111,0,0*
$DECOMPRESS,70*
$BAROALT,101662.50,26,-2.7*
$BATMV,3622*
$GPGGA,041840.500,3850.6748,N,07704.5815,W,1,09,01.1,12.1,M,-34.0,M,0,0*6D
$GPRMC,041840.500,A,3850.6748,N,07704.5815,W,000.1,218.4,030926,,,A*7E
$HRFSSI,-54*
$RFMSGEND*
$RFMSGFROM,17157,35,111,0,0*
$DECOMPRESS,70*
$BAROALT,101663.25,26,-2.8*
$BATMV,3622*
$GPGGA,041841.500,3850.6743,N,07704.5815,W,1,09,01.7,10.6,M,-34.0,M,0,0*64
$GPRMC,041841.500,A,3850.6743,N,07704.5815,W,000.2,218.4,030926,,,A*77
$HRFSSI,-55*
$RFMSGEND*
$RFMSGFROM,17157,35,111,0,0*
$DECOMPRESS,70*
$BAROALT,101663.25,26,-2.8*
$BATMV,3628*
$GPGGA,041842.500,3850.6743,N,07704.5815,W,1,09,01.1,10.5,M,-34.0,M,0,0*62
$GPRMC,041842.500,A,3850.6743,N,07704.5815,W,000.7,107.0,030926,,,A*78
$HRFSSI,-55*
$RFMSGEND*
$RFMSGFROM,17157,35,111,0,0*
$DECOMPRESS,70*
$BAROALT,101664.00,26,-2.8*
$BATMV,3622*
$GPGGA,041843.500,3850.6745,N,07704.5815,W,1,09,01.7,10.5,M,-34.0,M,0,0*63
$GPRMC,041843.500,A,3850.6745,N,07704.5815,W,000.7,070.9,030926,,,A*77
$HRFSSI,-55*
$RFMSGEND*
$RFMSGFROM,17157,35,111,0,0*
$DECOMPRESS,70*
$BAROALT,101660.25,26,-2.7*
$BATMV,3622*
$GPGGA,041844.500,3850.6743,N,07704.5815,W,1,09,01.7,10.1,M,-34.0,M,0,0*66
$GPRMC,041844.500,A,3850.6743,N,07704.5815,W,000.1,050.0,030926,,,A*7B
$HRFSSI,-54*
$RFMSGEND*
$RFMSGFROM,17157,35,111,0,0*
$DECOMPRESS,70*
$BAROALT,101661.75,26,-2.7*
$BATMV,3622*
$GPGGA,041845.500,3850.6743,N,07704.5815,W,1,09,01.7,09.7,M,-34.0,M,0,0*69
$GPRMC,041845.500,A,3850.6743,N,07704.5815,W,000.4,050.0,030926,,,A*7F
$HRFSSI,-55*
$RFMSGEND*
$RFMSGFROM,17157,35,111,0,0*
$DECOMPRESS,70*
$BAROALT,101661.00,26,-2.7*
$BATMV,3622*
$GPGGA,041846.500,3850.6743,N,07704.5815,W,1,08,01.8,09.5,M,-34.0,M,0,0*66
$GPRMC,041846.500,A,3850.6743,N,07704.5815,W,000.2,050.0,030926,,,A*7A
$HRFSSI,-55*
$RFMSGEND*
$RFMSGFROM,17157,35,111,0,0*
$DECOMPRESS,70*
$BAROALT,101667.25,26,-2.8*
$BATMV,3628*
$GPGGA,041847.500,3850.6745,N,07704.5820,W,1,09,01.1,10.4,M,-34.0,M,0,0*66
$GPRMC,041847.500,A,3850.6745,N,07704.5820,W,000.4,050.0,030926,,,A*7D
$HRFSSI,-54*
$RFMSGEND*
$RFMSGFROM,17157,35,111,0,0*
$DECOMPRESS,70*
$BAROALT,101665.75,26,-2.8*
$BATMV,3622*
$GPGGA,041848.500,3850.6745,N,07704.5820,W,1,09,01.7,10.1,M,-34.0,M,0,0*6A
$GPRMC,041848.500,A,3850.6745,N,07704.5820,W,000.2,050.0,030926,,,A*74
$HRFSSI,-55*
$RFMSGEND*
$RFMSGFROM,17157,35,111,0,0*
$DECOMPRESS,70*
$BAROALT,101662.75,26,-2.7*
$BATMV,3622*
$GPGGA,041849.500,3850.6745,N,07704.5825,W,1,08,01.8,10.2,M,-34.0,M,0,0*63
$GPRMC,041849.500,A,3850.6745,N,07704.5825,W,000.4,050.0,030926,,,A*76
$HRFSSI,-53*
$RFMSGEND*
$RFMSGFROM,17157,35,111,0,0*
$DECOMPRESS,70*
$BAROALT,101665.50,26,-2.8*
$BATMV,3622*
$GPGGA,041850.500,3850.6748,N,07704.5825,W,1,09,01.7,10.6,M,-34.0,M,0,0*6C
$GPRMC,041850.500,A,3850.6748,N,07704.5825,W,000.7,050.0,030926,,,A*70
$HRFSSI,-52*
$RFMSGEND*
$RFMSGFROM,17157,35,111,0,0*
$DECOMPRESS,70*
$BAROALT,101664.75,26,-2.8*
$BATMV,3622*
$GPGGA,041851.500,3850.6750,N,07704.5820,W,1,09,01.7,11.1,M,-34.0,M,0,0*67
$GPRMC,041851.500,A,3850.6750,N,07704.5820,W,001.0,040.4,030926,,,A*7E
$HRFSSI,-54*
$RFMSGEND*
$RFMSGFROM,17157,35,111,0,0*
$DECOMPRESS,70*
$BAROALT,101663.25,26,-2.8*
$BATMV,3622*
$GPGGA,041852.500,3850.6748,N,07704.5825,W,1,09,01.8,10.6,M,-34.0,M,0,0*61
$GPRMC,041852.500,A,3850.6748,N,07704.5825,W,000.3,040.4,030926,,,A*73
$HRFSSI,-52*
$RFMSGEND*
$RFMSGFROM,17157,35,111,0,0*
$DECOMPRESS,70*
$BAROALT,101665.25,26,-2.8*
$BATMV,3622*
$GPGGA,041853.500,3850.6745,N,07704.5825,W,1,07,02.0,10.4,M,-34.0,M,0,0*6A
$GPRMC,041853.500,A,3850.6745,N,07704.5825,W,000.0,040.4,030926,,,A*7C
$HRFSSI,-52*
$RFMSGEND*
$RFMSGFROM,17157,35,111,0,0*
$DECOMPRESS,70*
$BAROALT,101664.00,26,-2.8*
$BATMV,3622*
$GPGGA,041854.500,3850.6748,N,07704.5825,W,1,08,01.8,10.6,M,-34.0,M,0,0*66
$GPRMC,041854.500,A,3850.6748,N,07704.5825,W,000.4,040.4,030926,,,A*72
$HRFSSI,-54*
$RFMSGEND*
$RFMSGFROM,17157,35,111,0,0*
$DECOMPRESS,70*
$BAROALT,101661.50,26,-2.7*
$BATMV,3622*
$GPGGA,041855.500,3850.6745,N,07704.5830,W,1,08,01.8,10.3,M,-34.0,M,0,0*6B
$GPRMC,041855.500,A,3850.6745,N,07704.5830,W,000.1,040.4,030926,,,A*7F
$HRFSSI,-54*
$RFMSGEND*
$RFMSGFROM,17157,35,111,0,0*
$DECOMPRESS,70*
$BAROALT,101665.50,26,-2.8*
$BATMV,3622*
$GPGGA,041856.500,3850.6748,N,07704.5830,W,1,07,03.4,10.8,M,-34.0,M,0,0*6F
$GPRMC,041856.500,A,3850.6748,N,07704.5830,W,000.7,040.4,030926,,,A*77
$HRFSSI,-53*
$RFMSGEND*
$RFMSGFROM,17157,35,111,0,0*
$DECOMPRESS,70*
$BAROALT,101662.75,26,-2.7*
$BATMV,3622*
$GPGGA,041857.500,3850.6750,N,07704.5830,W,1,07,02.0,11.2,M,-34.0,M,0,0*69
$GPRMC,041857.500,A,3850.6750,N,07704.5830,W,000.1,040.4,030926,,,A*79
$HRFSSI,-52*
$RFMSGEND*
$RFMSGFROM,17157,35,111,0,0*
$DECOMPRESS,70*
$BAROALT,101664.75,26,-2.8*
$BATMV,3622*
$GPGGA,041858.500,3850.6752,N,07704.5834,W,1,07,02.0,11.6,M,-34.0,M,0,0*64
$GPRMC,041858.500,A,3850.6752,N,07704.5834,W,000.1,040.4,030926,,,A*70
$HRFSSI,-55*
$RFMSGEND*
$RFMSGFROM,17157,35,111,0,0*
$DECOMPRESS,70*
$BAROALT,101666.00,26,-2.8*
$BATMV,3622*
$GPGGA,041859.500,3850.6757,N,07704.5834,W,1,07,02.0,12.6,M,-34.0,M,0,0*63
$GPRMC,041859.500,A,3850.6757,N,07704.5834,W,000.6,040.4,030926,,,A*73
$HRFSSI,-54*
$RFMSGEND*
$RFMSGFROM,17157,35,111,0,0*
$DECOMPRESS,70*
$BAROALT,101659.25,26,-2.7*
$BATMV,3622*
$GPGGA,041900.500,3850.6760,N,07704.5834,W,1,07,03.4,13.0,M,-34.0,M,0,0*68
$GPRMC,041900.500,A,3850.6760,N,07704.5834,W,000.5,040.4,030926,,,A*79
$HRFSSI,-55*
$RFMSGEND*
$RFMSGFROM,17157,35,111,0,0*
$DECOMPRESS,70*
$BAROALT,101663.75,26,-2.8*
$BATMV,3622*
$GPGGA,041901.500,3850.6760,N,07704.5834,W,1,07,02.0,13.1,M,-34.0,M,0,0*6D
$GPRMC,041901.500,A,3850.6760,N,07704.5834,W,000.7,034.7,030926,,,A*7A
$HRFSSI,-55*
$RFMSGEND*
$RFMSGFROM,17157,35,111,0,0*
$DECOMPRESS,70*
$BAROALT,101665.75,26,-2.8*
$BATMV,3622*
$GPGGA,041902.500,3850.6762,N,07704.5839,W,1,07,02.0,13.5,M,-34.0,M,0,0*65
$GPRMC,041902.500,A,3850.6762,N,07704.5839,W,000.6,034.7,030926,,,A*77
$HRFSSI,-55*
$RFMSGEND*
$RFMSGFROM,17157,35,111,0,0*
$DECOMPRESS,70*
$BAROALT,101667.50,26,-2.8*
$BATMV,3622*
$GPGGA,041903.500,3850.6765,N,07704.5839,W,1,07,02.0,13.8,M,-34.0,M,0,0*6E
$GPRMC,041903.500,A,3850.6765,N,07704.5839,W,000.2,034.7,030926,,,A*75
$HRFSSI,-54*
$RFMSGEND*
$RFMSGFROM,17157,35,111,0,0*
$DECOMPRESS,70*
$BAROALT,101665.00,26,-2.8*
$BATMV,3622*
$GPGGA,041904.500,3850.6765,N,07704.5844,W,1,07,02.0,14.0,M,-34.0,M,0,0*6C
$GPRMC,041904.500,A,3850.6765,N,07704.5844,W,000.1,034.7,030926,,,A*7B
$HRFSSI,-55*
$RFMSGEND*
$RFMSGFROM,17157,35,111,0,0*
$DECOMPRESS,70*
$BAROALT,101663.00,26,-2.8*
$BATMV,3622*
$GPGGA,041905.500,3850.6774,N,07704.5844,W,1,07,02.0,15.7,M,-34.0,M,0,0*6B
$GPRMC,041905.500,A,3850.6774,N,07704.5844,W,001.0,034.9,030926,,,A*74
$HRFSSI,-55*
$RFMSGEND*
$RFMSGFROM,17157,35,111,0,0*
$DECOMPRESS,70*
$BAROALT,101667.00,26,-2.8*
$BATMV,3622*
$GPGGA,041906.500,3850.6779,N,07704.5844,W,1,07,02.0,17.0,M,-34.0,M,0,0*60
$GPRMC,041906.500,A,3850.6779,N,07704.5844,W,000.3,034.9,030926,,,A*78
$HRFSSI,-54*
$RFMSGEND*
$RFMSGFROM,17157,35,111,0,0*
$DECOMPRESS,70*
$BAROALT,101662.50,26,-2.7*
$BATMV,3622*
$GPGGA,041907.500,3850.6782,N,07704.5849,W,1,07,02.0,17.7,M,-34.0,M,0,0*6F
$GPRMC,041907.500,A,3850.6782,N,07704.5849,W,000.5,034.9,030926,,,A*76
$HRFSSI,-56*
$RFMSGEND*
$RFMSGFROM,17157,35,111,0,0*
$DECOMPRESS,70*
$BAROALT,101662.50,26,-2.7*
$BATMV,3622*
$GPGGA,041908.500,3850.6782,N,07704.5849,W,1,07,02.0,17.7,M,-34.0,M,0,0*60
$GPRMC,041908.500,A,3850.6782,N,07704.5849,W,000.4,034.9,030926,,,A*78
$HRFSSI,-56*
$RFMSGEND*
$RFMSGFROM,17157,35,111,0,0*
$DECOMPRESS,70*
$BAROALT,101662.50,26,-2.7*
$BATMV,3622*
$GPGGA,041909.500,3850.6784,N,07704.5854,W,1,07,02.0,18.4,M,-34.0,M,0,0*67
$GPRMC,041909.500,A,3850.6784,N,07704.5854,W,000.9,039.1,030926,,,A*7B
$HRFSSI,-56*
$RFMSGEND*
$RFMSGFROM,17157,35,111,0,0*
$DECOMPRESS,70*
$BAROALT,101663.75,26,-2.8*
$BATMV,3616*
$GPGGA,041910.500,3850.6787,N,07704.5854,W,1,07,02.0,19.2,M,-34.0,M,0,0*6B
$GPRMC,041910.500,A,3850.6787,N,07704.5854,W,000.3,030.7,030926,,,A*75
$HRFSSI,-54*
$RFMSGEND*
$RFMSGFROM,17157,35,111,0,0*
$DECOMPRESS,70*
$BAROALT,101663.50,26,-2.8*
$BATMV,3616*
$GPGGA,041911.500,3850.6787,N,07704.5859,W,1,07,02.0,19.4,M,-34.0,M,0,0*61
$GPRMC,041911.500,A,3850.6787,N,07704.5859,W,000.6,030.7,030926,,,A*7C
$HRFSSI,-55*
$RFMSGEND*
$RFMSGFROM,17157,35,111,0,0*
$DECOMPRESS,70*
$BAROALT,101661.50,26,-2.7*
$BATMV,3622*
$GPGGA,041912.500,3850.6789,N,07704.5864,W,1,07,02.0,19.9,M,-34.0,M,0,0*6F
$GPRMC,041912.500,A,3850.6789,N,07704.5864,W,001.1,024.5,030926,,,A*7E
$HRFSSI,-54*
$RFMSGEND*
$RFMSGFROM,17157,35,111,0,0*
$DECOMPRESS,70*
$BAROALT,101663.00,26,-2.8*
$BATMV,3622*
$GPGGA,041913.500,3850.6789,N,07704.5864,W,1,07,02.0,20.1,M,-34.0,M,0,0*6C
$GPRMC,041913.500,A,3850.6789,N,07704.5864,W,000.3,024.5,030926,,,A*7C
$HRFSSI,-55*
$RFMSGEND*
$RFMSGFROM,17157,35,111,0,0*
$DECOMPRESS,70*
$BAROALT,101663.25,26,-2.8*
$BATMV,3622*
$GPGGA,041914.500,3850.6784,N,07704.5869,W,1,07,02.0,19.8,M,-34.0,M,0,0*68
$GPRMC,041914.500,A,3850.6784,N,07704.5869,W,000.5,024.5,030926,,,A*7D
$HRFSSI,-55*
$RFMSGEND*
$RFMSGFROM,17157,35,111,0,0*
$DECOMPRESS,70*
$BAROALT,101664.25,26,-2.8*
$BATMV,3622*
$GPGGA,041915.500,3850.6782,N,07704.5874,W,1,07,02.0,19.3,M,-34.0,M,0,0*68
$GPRMC,041915.500,A,3850.6782,N,07704.5874,W,000.6,024.5,030926,,,A*75
$HRFSSI,-53*
$RFMSGEND*
$RFMSGFROM,17157,35,111,0,0*
$DECOMPRESS,70*
$BAROALT,101662.25,26,-2.7*
$BATMV,3622*
$GPGGA,041916.500,3850.6774,N,07704.5878,W,1,07,02.0,18.5,M,-34.0,M,0,0*69
$GPRMC,041916.500,A,3850.6774,N,07704.5878,W,000.1,024.5,030926,,,A*74
$HRFSSI,-53*
$RFMSGEND*
$RFMSGFROM,17157,35,111,0,0*
$DECOMPRESS,70*
$BAROALT,101659.50,26,-2.7*
$BATMV,3622*
$GPGGA,041917.500,3850.6770,N,07704.5883,W,1,07,02.0,17.9,M,-34.0,M,0,0*6B
$GPRMC,041917.500,A,3850.6770,N,07704.5883,W,000.2,024.5,030926,,,A*76
$HRFSSI,-53*
$RFMSGEND*
$RFMSGFROM,17157,35,111,0,0*
$DECOMPRESS,70*
$BAROALT,101658.25,26,-2.7*
$BATMV,3622*
$GPGGA,041918.500,3850.6765,N,07704.5888,W,1,08,01.8,17.6,M,-34.0,M,0,0*60
$GPRMC,041918.500,A,3850.6765,N,07704.5888,W,000.1,024.5,030926,,,A*75
$HRFSSI,-54*
$RFMSGEND*
$RFMSGFROM,17157,35,111,0,0*
$DECOMPRESS,70*
$BAROALT,101661.00,26,-2.7*
$BATMV,3622*
$GPGGA,041919.500,3850.6760,N,07704.5888,W,1,07,03.2,16.9,M,-34.0,M,0,0*6D
$GPRMC,041919.500,A,3850.6760,N,07704.5888,W,000.0,024.5,030926,,,A*70
$HRFSSI,-54*
$RFMSGEND*
$RFMSGFROM,17157,35,111,0,0*
$DECOMPRESS,70*
$BAROALT,101665.00,26,-2.8*
$BATMV,3628*
$GPGGA,041920.500,3850.6757,N,07704.5893,W,1,07,03.2,16.4,M,-34.0,M,0,0*64
$GPRMC,041920.500,A,3850.6757,N,07704.5893,W,000.1,024.5,030926,,,A*75
$HRFSSI,-54*
$RFMSGEND*
$RFMSGFROM,17157,35,111,0,0*
$DECOMPRESS,70*
$BAROALT,101664.25,26,-2.8*
$BATMV,3622*
$GPGGA,041921.500,3850.6755,N,07704.5893,W,1,06,03.4,16.3,M,-34.0,M,0,0*67
$GPRMC,041921.500,A,3850.6755,N,07704.5893,W,000.0,024.5,030926,,,A*77
$HRFSSI,-54*
$RFMSGEND*
$RFMSGFROM,17157,35,111,0,0*
$DECOMPRESS,70*
$BAROALT,101661.50,26,-2.7*
$BATMV,3622*
$GPGGA,041922.500,3850.6755,N,07704.5893,W,1,06,03.4,16.1,M,-34.0,M,0,0*66
$GPRMC,041922.500,A,3850.6755,N,07704.5893,W,000.1,024.5,030926,,,A*75
$HRFSSI,-54*
$RFMSGEND*
$RFMSGFROM,17157,35,111,0,0*
$DECOMPRESS,70*
$BAROALT,101662.50,26,-2.7*
$BATMV,3622*
$GPGGA,041923.500,3850.6755,N,07704.5898,W,1,06,03.4,16.2,M,-34.0,M,0,0*6F
$GPRMC,041923.500,A,3850.6755,N,07704.5898,W,000.0,024.5,030926,,,A*7E
$HRFSSI,-54*
$RFMSGEND*
$RFMSGFROM,17157,35,111,0,0*
$DECOMPRESS,70*
$BAROALT,101665.00,26,-2.8*
$BATMV,3622*
$GPGGA,041924.500,3850.6755,N,07704.5898,W,1,06,03.4,16.2,M,-34.0,M,0,0*68
$GPRMC,041924.500,A,3850.6755,N,07704.5898,W,000.0,024.5,030926,,,A*79
$HRFSSI,-53*
$RFMSGEND*
$RFMSGFROM,17157,35,111,0,0*
$DECOMPRESS,70*
$BAROALT,101663.50,26,-2.8*
$BATMV,3616*
$GPGGA,041925.500,3850.6752,N,07704.5898,W,1,06,03.4,16.1,M,-34.0,M,0,0*6D
$GPRMC,041925.500,A,3850.6752,N,07704.5898,W,000.0,024.5,030926,,,A*7F
$HRFSSI,-54*
$RFMSGEND*
$RFMSGFROM,17157,35,111,0,0*
$DECOMPRESS,70*
$BAROALT,101661.00,26,-2.7*
$BATMV,3622*
$GPGGA,041926.500,3850.6752,N,07704.5898,W,1,06,03.4,16.0,M,-34.0,M,0,0*6F
$GPRMC,041926.500,A,3850.6752,N,07704.5898,W,000.1,024.5,030926,,,A*7D
$HRFSSI,-54*
$RFMSGEND*
$RFMSGFROM,17157,35,111,0,0*
$DECOMPRESS,70*
$BAROALT,101661.25,26,-2.7*
$BATMV,3616*
$GPGGA,041927.500,3850.6752,N,07704.5898,W,1,08,01.7,15.9,M,-34.0,M,0,0*6B
$GPRMC,041927.500,A,3850.6752,N,07704.5898,W,000.1,024.5,030926,,,A*7C
$HRFSSI,-53*
$RFMSGEND*
$RFMSGFROM,17157,35,111,0,0*
$DECOMPRESS,70*
$BAROALT,101660.75,26,-2.7*
$BATMV,3622*
$GPGGA,041928.500,3850.6755,N,07704.5893,W,1,08,01.7,15.8,M,-34.0,M,0,0*69
$GPRMC,041928.500,A,3850.6755,N,07704.5893,W,000.9,060.1,030926,,,A*73
$HRFSSI,-53*
$RFMSGEND*
$RFMSGFROM,17157,35,111,0,0*
$DECOMPRESS,70*
$BAROALT,101662.00,26,-2.7*
$BATMV,3616*
$GPGGA,041929.500,3850.6752,N,07704.5893,W,1,08,01.7,15.6,M,-34.0,M,0,0*61
$GPRMC,041929.500,A,3850.6752,N,07704.5893,W,000.3,060.1,030926,,,A*7F
$HRFSSI,-54*
$RFMSGEND*
$RFMSGFROM,17157,35,111,0,0*
$DECOMPRESS,70*
$BAROALT,101663.25,26,-2.8*
$BATMV,3622*
$GPGGA,041930.500,3850.6752,N,07704.5888,W,1,08,01.7,15.5,M,-34.0,M,0,0*60
$GPRMC,041930.500,A,3850.6752,N,07704.5888,W,000.6,060.1,030926,,,A*78
$HRFSSI,-53*
$RFMSGEND*
$RFMSGFROM,17157,35,111,0,0*
$DECOMPRESS,70*
$BAROALT,101663.50,26,-2.8*
$BATMV,3622*
$GPGGA,041931.500,3850.6755,N,07704.5893,W,1,08,01.7,15.7,M,-34.0,M,0,0*6E
$GPRMC,041931.500,A,3850.6755,N,07704.5893,W,001.2,306.7,030926,,,A*74
$HRFSSI,-54*
$RFMSGEND*
$RFMSGFROM,17157,35,111,0,0*
$DECOMPRESS,70*
$BAROALT,101663.25,26,-2.8*
$BATMV,3622*
$GPGGA,041932.500,3850.6752,N,07704.5888,W,1,08,01.7,15.3,M,-34.0,M,0,0*64
$GPRMC,041932.500,A,3850.6752,N,07704.5888,W,000.5,306.7,030926,,,A*7C
$HRFSSI,-54*
$RFMSGEND*
$RFMSGFROM,17157,35,111,0,0*
$DECOMPRESS,70*
$BAROALT,101662.75,26,-2.7*
$BATMV,3622*
$GPGGA,041933.500,3850.6752,N,07704.5888,W,1,08,01.7,15.2,M,-34.0,M,0,0*64
$GPRMC,041933.500,A,3850.6752,N,07704.5888,W,000.0,306.7,030926,,,A*78
$HRFSSI,-55*
$RFMSGEND*
$RFMSGFROM,17157,35,111,0,0*
$DECOMPRESS,70*
$BAROALT,101664.75,26,-2.8*
$BATMV,3622*
$GPGGA,041934.500,3850.6752,N,07704.5888,W,1,08,01.7,15.4,M,-34.0,M,0,0*65
$GPRMC,041934.500,A,3850.6752,N,07704.5888,W,000.0,306.7,030926,,,A*7F
$HRFSSI,-54*
$RFMSGEND*
$RFMSGFROM,17157,35,111,0,0*
$DECOMPRESS,70*
$BAROALT,101660.50,26,-2.7*
$BATMV,3622*
$GPGGA,041935.500,3850.6755,N,07704.5888,W,1,08,01.7,15.7,M,-34.0,M,0,0*60
$GPRMC,041935.500,A,3850.6755,N,07704.5888,W,000.2,306.7,030926,,,A*7B
$HRFSSI,-55*
$RFMSGEND*
$RFMSGFROM,17157,35,111,0,0*
$DECOMPRESS,70*
$BAROALT,101662.25,26,-2.7*
$BATMV,3622*
$GPGGA,041936.500,3850.6757,N,07704.5888,W,1,08,01.7,16.1,M,-34.0,M,0,0*64
$GPRMC,041936.500,A,3850.6757,N,07704.5888,W,000.3,306.7,030926,,,A*7B
$HRFSSI,-50*
$RFMSGEND*
$RFMSGFROM,17157,35,111,0,0*
$DECOMPRESS,70*
$BAROALT,101664.00,26,-2.8*
$BATMV,3622*
$GPGGA,041937.500,3850.6760,N,07704.5883,W,1,08,01.7,16.6,M,-34.0,M,0,0*6D
$GPRMC,041937.500,A,3850.6760,N,07704.5883,W,000.2,306.7,030926,,,A*74
$HRFSSI,-52*
$RFMSGEND*
$RFMSGFROM,17157,35,111,0,0*
$DECOMPRESS,70*
$BAROALT,101663.00,26,-2.8*
$BATMV,3622*
$GPGGA,041938.500,3850.6760,N,07704.5883,W,1,08,01.7,16.7,M,-34.0,M,0,0*63
$GPRMC,041938.500,A,3850.6760,N,07704.5883,W,000.1,306.7,030926,,,A*78
$HRFSSI,-52*
$RFMSGEND*
$RFMSGFROM,17157,35,111,0,0*
$DECOMPRESS,70*
$BAROALT,101664.00,26,-2.8*
$BATMV,3622*
$GPGGA,041939.500,3850.6760,N,07704.5878,W,1,08,01.7,16.6,M,-34.0,M,0,0*67
$GPRMC,041939.500,A,3850.6760,N,07704.5878,W,001.0,004.7,030926,,,A*7C
$HRFSSI,-54*
$RFMSGEND*
$RFMSGFROM,17157,35,111,0,0*
$DECOMPRESS,70*
$BAROALT,101664.75,26,-2.8*
$BATMV,3616*
$GPGGA,041940.500,3850.6762,N,07704.5878,W,1,07,01.8,17.1,M,-34.0,M,0,0*6D
$GPRMC,041940.500,A,3850.6762,N,07704.5878,W,000.5,036.8,030926,,,A*7A
$HRFSSI,-53*
$RFMSGEND*
$RFMSGFROM,17157,35,111,0,0*
$DECOMPRESS,70*
$BAROALT,101661.75,26,-2.7*
$BATMV,3622*
$GPGGA,041941.500,3850.6765,N,07704.5878,W,1,08,01.7,17.6,M,-34.0,M,0,0*6C
$GPRMC,041941.500,A,3850.6765,N,07704.5878,W,000.3,036.8,030926,,,A*7A
$HRFSSI,-52*
$RFMSGEND*
$RFMSGFROM,17157,35,111,0,0*
$DECOMPRESS,70*
$BAROALT,101661.50,26,-2.7*
$BATMV,3622*
$GPGGA,041942.500,3850.6765,N,07704.5878,W,1,08,01.7,17.5,M,-34.0,M,0,0*6C
$GPRMC,041942.500,A,3850.6765,N,07704.5878,W,000.2,036.8,030926,,,A*78
$HRFSSI,-53*
$RFMSGEND*
$RFMSGFROM,17157,35,111,0,0*
$DECOMPRESS,70*
$BAROALT,101662.25,26,-2.7*
$BATMV,3622*
$GPGGA,041943.500,3850.6765,N,07704.5878,W,1,08,01.7,17.6,M,-34.0,M,0,0*6E
$GPRMC,041943.500,A,3850.6765,N,07704.5878,W,000.2,036.8,030926,,,A*79
$HRFSSI,-53*
$RFMSGEND*
$RFMSGFROM,17157,35,111,0,0*
$DECOMPRESS,70*
$BAROALT,101663.50,26,-2.8*
$BATMV,3622*
$GPGGA,041944.500,3850.6765,N,07704.5874,W,1,08,01.7,17.6,M,-34.0,M,0,0*65
$GPRMC,041944.500,A,3850.6765,N,07704.5874,W,000.4,036.8,030926,,,A*74
$HRFSSI,-52*
$RFMSGEND*
$RFMSGFROM,17157,35,111,0,0*
$DECOMPRESS,70*
$BAROALT,101661.25,26,-2.7*
$BATMV,3622*
$GPGGA,041945.500,3850.6765,N,07704.5874,W,1,08,01.7,17.5,M,-34.0,M,0,0*67
$GPRMC,041945.500,A,3850.6765,N,07704.5874,W,000.2,036.8,030926,,,A*73
$HRFSSI,-53*
$RFMSGEND*
$RFMSGFROM,17157,35,111,0,0*
$DECOMPRESS,70*
$BAROALT,101664.50,26,-2.8*
$BATMV,3622*
$GPGGA,041946.500,3850.6765,N,07704.5874,W,1,08,01.7,17.8,M,-34.0,M,0,0*69
$GPRMC,041946.500,A,3850.6765,N,07704.5874,W,000.4,036.8,030926,,,A*76
$HRFSSI,-50*
$RFMSGEND*
$RFMSGFROM,17157,35,111,0,0*
$DECOMPRESS,70*
$BAROALT,101665.25,26,-2.8*
$BATMV,3622*
$GPGGA,041947.500,3850.6762,N,07704.5869,W,1,08,01.7,17.6,M,-34.0,M,0,0*6D
$GPRMC,041947.500,A,3850.6762,N,07704.5869,W,000.6,036.8,030926,,,A*7E
$HRFSSI,-51*
$RFMSGEND*
$RFMSGFROM,17157,35,111,0,0*
$DECOMPRESS,70*
$BAROALT,101662.50,26,-2.7*
$BATMV,3616*
$GPGGA,041948.500,3850.6762,N,07704.5869,W,1,08,01.7,17.8,M,-34.0,M,0,0*6C
$GPRMC,041948.500,A,3850.6762,N,07704.5869,W,000.2,036.8,030926,,,A*75
$HRFSSI,-50*
$RFMSGEND*
$RFMSGFROM,17157,35,111,0,0*
$DECOMPRESS,70*
$BAROALT,101661.25,26,-2.7*
$BATMV,3622*
$GPGGA,041949.500,3850.6762,N,07704.5859,W,1,08,01.7,17.8,M,-34.0,M,0,0*6E
$GPRMC,041949.500,A,3850.6762,N,07704.5859,W,001.1,076.1,030926,,,A*78
$HRFSSI,-51*
$RFMSGEND*
$RFMSGFROM,17157,35,111,0,0*
$DECOMPRESS,70*
$BAROALT,101661.00,26,-2.7*
$BATMV,3622*
$GPGGA,041950.500,3850.6762,N,07704.5859,W,1,08,01.7,18.0,M,-34.0,M,0,0*61
$GPRMC,041950.500,A,3850.6762,N,07704.5859,W,000.8,082.7,030926,,,A*75
$HRFSSI,-51*
$RFMSGEND*
$RFMSGFROM,17157,35,111,0,0*
$DECOMPRESS,70*
$BAROALT,101660.25,26,-2.7*
$BATMV,3616*
$GPGGA,041951.500,3850.6762,N,07704.5859,W,1,08,01.7,18.3,M,-34.0,M,0,0*63
$GPRMC,041951.500,A,3850.6762,N,07704.5859,W,000.3,082.7,030926,,,A*7F
$HRFSSI,-51*
$RFMSGEND*
$RFMSGFROM,17157,35,111,0,0*
$DECOMPRESS,70*
$BAROALT,101662.50,26,-2.7*
$BATMV,3622*
$GPGGA,041952.500,3850.6765,N,07704.5864,W,1,08,01.7,18.7,M,-34.0,M,0,0*6D
$GPRMC,041952.500,A,3850.6765,N,07704.5864,W,001.0,310.7,030926,,,A*7F
$HRFSSI,-50*
$RFMSGEND*
$RFMSGFROM,17157,35,111,0,0*
$DECOMPRESS,70*
$BAROALT,101663.25,26,-2.8*
$BATMV,3622*
$GPGGA,041953.500,3850.6762,N,07704.5854,W,1,07,01.8,18.6,M,-34.0,M,0,0*69
$GPRMC,041953.500,A,3850.6762,N,07704.5854,W,000.1,310.7,030926,,,A*7A
$HRFSSI,-50*
$RFMSGEND*
$RFMSGFROM,17157,35,111,0,0*
$DECOMPRESS,70*
$BAROALT,101665.00,26,-2.8*
$BATMV,3622*
$GPGGA,041954.500,3850.6762,N,07704.5849,W,1,08,01.7,18.7,M,-34.0,M,0,0*63
$GPRMC,041954.500,A,3850.6762,N,07704.5849,W,000.5,017.2,030926,,,A*74
$HRFSSI,-50*
$RFMSGEND*
$RFMSGFROM,17157,35,111,0,0*
$DECOMPRESS,70*
$BAROALT,101660.50,26,-2.7*
$BATMV,3622*
$GPGGA,041955.500,3850.6765,N,07704.5849,W,1,08,01.7,18.9,M,-34.0,M,0,0*6B
$GPRMC,041955.500,A,3850.6765,N,07704.5849,W,001.0,328.2,030926,,,A*79
$HRFSSI,-51*
$RFMSGEND*
$RFMSGFROM,17157,35,111,0,0*
$DECOMPRESS,70*
$BAROALT,101659.75,26,-2.7*
$BATMV,3616*
$GPGGA,041956.500,3850.6762,N,07704.5839,W,1,08,01.7,19.0,M,-34.0,M,0,0*60
$GPRMC,041956.500,A,3850.6762,N,07704.5839,W,000.4,328.2,030926,,,A*7F
$HRFSSI,-51*
$RFMSGEND*
$RFMSGFROM,17157,35,111,0,0*
$DECOMPRESS,70*
$BAROALT,101661.50,26,-2.7*
$BATMV,3622*
$GPGGA,041957.500,3850.6762,N,07704.5839,W,1,08,01.7,19.1,M,-34.0,M,0,0*60
$GPRMC,041957.500,A,3850.6762,N,07704.5839,W,001.0,304.9,030926,,,A*7E
$HRFSSI,-50*
$RFMSGEND*
$RFMSGFROM,17157,35,111,0,0*
$DECOMPRESS,70*
$BAROALT,101658.50,26,-2.7*
$BATMV,3622*
$GPGGA,041958.500,3850.6762,N,07704.5830,W,1,08,01.7,19.3,M,-34.0,M,0,0*64
$GPRMC,041958.500,A,3850.6762,N,07704.5830,W,001.7,052.2,030926,,,A*74
$HRFSSI,-50*
$RFMSGEND*
$RFMSGFROM,17157,35,111,0,0*
$DECOMPRESS,70*
$BAROALT,101659.25,26,-2.7*
$BATMV,3616*
$GPGGA,041959.500,3850.6762,N,07704.5825,W,1,08,01.7,19.4,M,-34.0,M,0,0*66
$GPRMC,041959.500,A,3850.6762,N,07704.5825,W,000.6,065.2,030926,,,A*75
$HRFSSI,-51*
$RFMSGEND*
$RFMSGFROM,17157,35,111,0,0*
$DECOMPRESS,70*
$BAROALT,101659.75,26,-2.7*
$BATMV,3622*
$GPGGA,042000.500,3850.6762,N,07704.5820,W,1,08,01.7,19.1,M,-34.0,M,0,0*60
$GPRMC,042000.500,A,3850.6762,N,07704.5820,W,000.1,065.2,030926,,,A*71
$HRFSSI,-50*
$RFMSGEND*
$RFMSGFROM,17157,35,111,0,0*
$DECOMPRESS,70*
$BAROALT,101661.25,26,-2.7*
$BATMV,3622*
$GPGGA,042001.500,3850.6762,N,07704.5815,W,1,08,01.7,19.2,M,-34.0,M,0,0*64
$GPRMC,042001.500,A,3850.6762,N,07704.5815,W,000.3,080.0,030926,,,A*7D
$HRFSSI,-50*
$RFMSGEND*
$RFMSGFROM,17157,35,111,0,0*
$DECOMPRESS,70*
$BAROALT,101661.75,26,-2.7*
$BATMV,3622*
$GPGGA,042002.500,3850.6762,N,07704.5815,W,1,08,01.7,19.8,M,-34.0,M,0,0*6D
$GPRMC,042002.500,A,3850.6762,N,07704.5815,W,000.2,080.0,030926,,,A*7F
$HRFSSI,-51*
$RFMSGEND*
$RFMSGFROM,17157,35,111,0,0*
$DECOMPRESS,70*
$BAROALT,101661.00,26,-2.7*
$BATMV,3622*
$GPGGA,042003.500,3850.6765,N,07704.5810,W,1,08,01.7,20.2,M,-34.0,M,0,0*6E
$GPRMC,042003.500,A,3850.6765,N,07704.5810,W,000.1,035.8,030926,,,A*79
$HRFSSI,-51*
$RFMSGEND*
$RFMSGFROM,17157,35,111,0,0*
$DECOMPRESS,70*
$BAROALT,101661.75,26,-2.7*
$BATMV,3622*
$GPGGA,042004.500,3850.6765,N,07704.5810,W,1,08,01.7,20.2,M,-34.0,M,0,0*69
$GPRMC,042004.500,A,3850.6765,N,07704.5810,W,000.1,340.1,030926,,,A*76
$HRFSSI,-50*
$RFMSGEND*
$RFMSGFROM,17157,35,111,0,0*
$DECOMPRESS,70*
$BAROALT,101660.50,26,-2.7*
$BATMV,3622*
$GPGGA,042005.500,3850.6765,N,07704.5810,W,1,08,01.7,20.5,M,-34.0,M,0,0*6F
$GPRMC,042005.500,A,3850.6765,N,07704.5810,W,000.0,340.1,030926,,,A*76
$HRFSSI,-52*
$RFMSGEND*
$RFMSGFROM,17157,35,111,0,0*
$DECOMPRESS,70*
$BAROALT,101661.75,26,-2.7*
$BATMV,3616*
$GPGGA,042006.500,3850.6767,N,07704.5810,W,1,08,01.7,21.0,M,-34.0,M,0,0*6A
$GPRMC,042006.500,A,3850.6767,N,07704.5810,W,000.3,340.1,030926,,,A*74
$HRFSSI,-51*
$RFMSGEND*
$RFMSGFROM,17157,35,111,0,0*
$DECOMPRESS,70*
$BAROALT,101661.50,26,-2.7*
$BATMV,3622*
$GPGGA,042007.500,3850.6767,N,07704.5810,W,1,08,01.7,21.7,M,-34.0,M,0,0*6C
$GPRMC,042007.500,A,3850.6767,N,07704.5810,W,000.4,340.1,030926,,,A*72
$HRFSSI,-50*
$RFMSGEND*
$RFMSGFROM,17157,35,111,0,0*
$DECOMPRESS,70*
$BAROALT,101658.50,26,-2.7*
$BATMV,3622*
$GPGGA,042008.500,3850.6770,N,07704.5810,W,1,08,01.7,22.4,M,-34.0,M,0,0*65
$GPRMC,042008.500,A,3850.6770,N,07704.5810,W,000.5,340.1,030926,,,A*7A
$HRFSSI,-50*
$RFMSGEND*
$RFMSGFROM,17157,35,111,0,0*
$DECOMPRESS,70*
$BAROALT,101662.25,26,-2.7*
$BATMV,3622*
$GPGGA,042009.500,3850.6772,N,07704.5805,W,1,08,01.7,22.8,M,-34.0,M,0,0*6E
$GPRMC,042009.500,A,3850.6772,N,07704.5805,W,000.6,340.1,030926,,,A*7E
$HRFSSI,-51*
$RFMSGEND*
$RFMSGFROM,17157,35,111,0,0*
$DECOMPRESS,70*
$BAROALT,101659.75,26,-2.7*
$BATMV,3622*
$GPGGA,042010.500,3850.6772,N,07704.5805,W,1,08,01.7,23.3,M,-34.0,M,0,0*6C
$GPRMC,042010.500,A,3850.6772,N,07704.5805,W,000.1,340.1,030926,,,A*71
$HRFSSI,-50*
$RFMSGEND*
$RFMSGFROM,17157,35,111,0,0*
$DECOMPRESS,70*
$BAROALT,101661.75,26,-2.7*
$BATMV,3622*
$GPGGA,042011.500,3850.6772,N,07704.5795,W,1,08,01.7,23.8,M,-34.0,M,0,0*60
$GPRMC,042011.500,A,3850.6772,N,07704.5795,W,001.0,066.8,030926,,,A*78
$HRFSSI,-51*
$RFMSGEND*
$RFMSGFROM,17157,35,111,0,0*
$DECOMPRESS,70*
$BAROALT,101660.25,26,-2.7*
$BATMV,3622*
$GPGGA,042012.500,3850.6774,N,07704.5791,W,1,09,01.1,24.1,M,-34.0,M,0,0*68
$GPRMC,042012.500,A,3850.6774,N,07704.5791,W,001.3,083.1,030926,,,A*78
$HRFSSI,-51*
$RFMSGEND*
$RFMSGFROM,17157,35,111,0,0*
$DECOMPRESS,70*
$BAROALT,101656.75,26,-2.7*
$BATMV,3622*
$GPGGA,042013.500,3850.6777,N,07704.5791,W,1,09,01.1,25.3,M,-34.0,M,0,0*69
$GPRMC,042013.500,A,3850.6777,N,07704.5791,W,000.3,083.1,030926,,,A*7B
$HRFSSI,-50*
$RFMSGEND*
$RFMSGFROM,17157,35,111,0,0*
$DECOMPRESS,70*
$BAROALT,101658.75,26,-2.7*
$BATMV,3622*
$GPGGA,042014.500,3850.6779,N,07704.5791,W,1,09,01.1,26.2,M,-34.0,M,0,0*62
$GPRMC,042014.500,A,3850.6779,N,07704.5791,W,001.1,019.7,030926,,,A*74
$HRFSSI,-50*
$RFMSGEND*
$RFMSGFROM,17157,35,111,0,0*
$DECOMPRESS,70*
$BAROALT,101663.50,26,-2.8*
$BATMV,3622*
$GPGGA,042015.500,3850.6779,N,07704.5791,W,1,09,01.7,26.3,M,-34.0,M,0,0*64
$GPRMC,042015.500,A,3850.6779,N,07704.5791,W,000.9,344.8,030926,,,A*78
$HRFSSI,-51*
$RFMSGEND*
$RFMSGFROM,17157,35,111,0,0*
$DECOMPRESS,70*
$BAROALT,101659.75,26,-2.7*
$BATMV,3616*
$GPGGA,042016.500,3850.6782,N,07704.5786,W,1,09,01.1,27.0,M,-34.0,M,0,0*61
$GPRMC,042016.500,A,3850.6782,N,07704.5786,W,000.3,344.8,030926,,,A*73
$HRFSSI,-49*
$RFMSGEND*
$RFMSGFROM,17157,35,111,0,0*
$DECOMPRESS,70*
$BAROALT,101660.00,26,-2.7*
$BATMV,3622*
$GPGGA,042017.500,3850.6782,N,07704.5786,W,1,09,01.1,27.9,M,-34.0,M,0,0*69
$GPRMC,042017.500,A,3850.6782,N,07704.5786,W,000.2,344.8,030926,,,A*73
$HRFSSI,-51*
$RFMSGEND*
$RFMSGFROM,17157,35,111,0,0*
$DECOMPRESS,70*
$BAROALT,101662.25,26,-2.7*
$BATMV,3622*
$GPGGA,042018.500,3850.6782,N,07704.5781,W,1,08,01.1,28.4,M,-34.0,M,0,0*62
$GPRMC,042018.500,A,3850.6782,N,07704.5781,W,000.5,344.8,030926,,,A*7C
$HRFSSI,-51*
$RFMSGEND*
$RFMSGFROM,17157,35,111,0,0*
$DECOMPRESS,70*
$BAROALT,101662.00,26,-2.7*
$BATMV,3622*
$GPGGA,042019.500,3850.6784,N,07704.5781,W,1,09,01.1,28.9,M,-34.0,M,0,0*69
$GPRMC,042019.500,A,3850.6784,N,07704.5781,W,000.3,344.8,030926,,,A*7D
$HRFSSI,-51*
$RFMSGEND*
$RFMSGFROM,17157,35,111,0,0*
$DECOMPRESS,70*
$BAROALT,101658.00,26,-2.7*
$BATMV,3616*
$GPGGA,042020.500,3850.6784,N,07704.5781,W,1,09,01.1,29.4,M,-34.0,M,0,0*6F
$GPRMC,042020.500,A,3850.6784,N,07704.5781,W,000.5,344.8,030926,,,A*71
$HRFSSI,-50*
$RFMSGEND*
$RFMSGFROM,17157,35,111,0,0*
$DECOMPRESS,70*
$BAROALT,101661.50,26,-2.7*
$BATMV,3616*
$GPGGA,042021.500,3850.6784,N,07704.5781,W,1,09,01.1,29.6,M,-34.0,M,0,0*6C
$GPRMC,042021.500,A,3850.6784,N,07704.5781,W,000.3,314.3,030926,,,A*78
$HRFSSI,-51*
$RFMSGEND*
$RFMSGFROM,17157,35,111,0,0*
$DECOMPRESS,70*
$BAROALT,101661.50,26,-2.7*
$BATMV,3622*
$GPGGA,042022.500,3850.6784,N,07704.5781,W,1,09,01.1,29.7,M,-34.0,M,0,0*6E
$GPRMC,042022.500,A,3850.6784,N,07704.5781,W,000.1,314.3,030926,,,A*79
$HRFSSI,-51*
$RFMSGEND*
$RFMSGFROM,17157,35,111,0,0*
$DECOMPRESS,70*
$BAROALT,101660.50,26,-2.7*
$BATMV,3616*
$GPGGA,042023.500,3850.6784,N,07704.5781,W,1,09,01.1,29.7,M,-34.0,M,0,0*6F
$GPRMC,042023.500,A,3850.6784,N,07704.5781,W,000.5,041.1,030926,,,A*7D
$HRFSSI,-50*
$RFMSGEND*
$RFMSGFROM,17157,35,111,0,0*
$DECOMPRESS,70*
$BAROALT,101659.50,26,-2.7*
$BATMV,3616*
$GPGGA,042024.500,3850.6784,N,07704.5781,W,1,09,01.1,29.8,M,-34.0,M,0,0*67
$GPRMC,042024.500,A,3850.6784,N,07704.5781,W,000.4,077.7,030926,,,A*78
$HRFSSI,-51*
$RFMSGEND*
$RFMSGFROM,17157,35,111,0,0*
$DECOMPRESS,70*
$BAROALT,101663.75,26,-2.8*
$BATMV,3622*
$GPGGA,042025.500,3850.6784,N,07704.5776,W,1,09,01.1,29.6,M,-34.0,M,0,0*60
$GPRMC,042025.500,A,3850.6784,N,07704.5776,W,001.1,088.6,030926,,,A*74
$HRFSSI,-50*
$RFMSGEND*
$RFMSGFROM,17157,35,111,0,0*
$DECOMPRESS,70*
$BAROALT,101660.75,26,-2.7*
$BATMV,3622*
$GPGGA,042026.500,3850.6784,N,07704.5776,W,1,09,01.1,29.5,M,-34.0,M,0,0*60
$GPRMC,042026.500,A,3850.6784,N,07704.5776,W,000.5,093.0,030926,,,A*7E
$HRFSSI,-51*
$RFMSGEND*
$RFMSGFROM,17157,35,111,0,0*
$DECOMPRESS,70*
$BAROALT,101662.75,26,-2.7*
$BATMV,3616*
$GPGGA,042027.500,3850.6784,N,07704.5776,W,1,09,01.1,29.7,M,-34.0,M,0,0*63
$GPRMC,042027.500,A,3850.6784,N,07704.5776,W,000.1,100.1,030926,,,A*71
$HRFSSI,-50*
$RFMSGEND*
$RFMSGFROM,17157,35,111,0,0*
$DECOMPRESS,70*
$BAROALT,101661.00,26,-2.7*
$BATMV,3616*
$GPGGA,042028.500,3850.6787,N,07704.5776,W,1,09,01.1,30.4,M,-34.0,M,0,0*64
$GPRMC,042028.500,A,3850.6787,N,07704.5776,W,000.0,100.1,030926,,,A*7C
$HRFSSI,-50*
$RFMSGEND*
$RFMSGFROM,17157,35,111,0,0*
$DECOMPRESS,70*
$BAROALT,101660.00,26,-2.7*
$BATMV,3616*
$GPGGA,042029.500,3850.6789,N,07704.5776,W,1,09,01.1,30.9,M,-34.0,M,0,0*66
$GPRMC,042029.500,A,3850.6789,N,07704.5776,W,000.2,100.1,030926,,,A*71
$HRFSSI,-50*
$RFMSGEND*
$RFMSGFROM,17157,35,111,0,0*
$DECOMPRESS,70*
$BAROALT,101660.50,26,-2.7*
$BATMV,3616*
$GPGGA,042030.500,3850.6789,N,07704.5776,W,1,09,01.1,31.1,M,-34.0,M,0,0*67
$GPRMC,042030.500,A,3850.6789,N,07704.5776,W,000.1,085.3,030926,,,A*74
$HRFSSI,-50*
$RFMSGEND*
$RFMSGFROM,17157,35,111,0,0*
$DECOMPRESS,70*
$BAROALT,101663.25,26,-2.8*
$BATMV,3622*
$GPGGA,042031.500,3850.6789,N,07704.5776,W,1,09,01.1,31.3,M,-34.0,M,0,0*64
$GPRMC,042031.500,A,3850.6789,N,07704.5776,W,000.0,085.3,030926,,,A*74
$HRFSSI,-50*
$RFMSGEND*
$RFMSGFROM,17157,35,111,0,0*
$DECOMPRESS,70*
$BAROALT,101661.50,26,-2.7*
$BATMV,3616*
$GPGGA,042032.500,3850.6791,N,07704.5776,W,1,09,01.1,31.3,M,-34.0,M,0,0*6E
$GPRMC,042032.500,A,3850.6791,N,07704.5776,W,000.3,085.3,030926,,,A*7D
$HRFSSI,-51*
$RFMSGEND*
$RFMSGFROM,17157,35,111,0,0*
$DECOMPRESS,70*
$BAROALT,101661.75,26,-2.7*
$BATMV,3622*
$GPGGA,042033.500,3850.6791,N,07704.5776,W,1,09,01.1,31.3,M,-34.0,M,0,0*6F
$GPRMC,042033.500,A,3850.6791,N,07704.5776,W,000.3,085.3,030926,,,A*7C
$HRFSSI,-51*
$RFMSGEND*
$RFMSGFROM,17157,35,111,0,0*
$DECOMPRESS,70*
$BAROALT,101660.00,26,-2.7*
$BATMV,3622*
$GPGGA,042034.500,3850.6791,N,07704.5776,W,1,09,01.1,31.1,M,-34.0,M,0,0*6A
$GPRMC,042034.500,A,3850.6791,N,07704.5776,W,000.1,085.3,030926,,,A*79
$HRFSSI,-53*
$RFMSGEND*
$RFMSGFROM,17157,35,111,0,0*
$DECOMPRESS,70*
$BAROALT,101663.25,26,-2.8*
$BATMV,3622*
$GPGGA,042035.500,3850.6791,N,07704.5771,W,1,09,01.1,31.2,M,-34.0,M,0,0*6F
$GPRMC,042035.500,A,3850.6791,N,07704.5771,W,000.0,085.3,030926,,,A*7E
$HRFSSI,-52*
$RFMSGEND*
$RFMSGFROM,17157,35,111,0,0*
$DECOMPRESS,70*
$BAROALT,101659.75,26,-2.7*
$BATMV,3622*
$GPGGA,042036.500,3850.6791,N,07704.5766,W,1,08,01.1,31.1,M,-34.0,M,0,0*68
$GPRMC,042036.500,A,3850.6791,N,07704.5766,W,000.1,085.3,030926,,,A*7A
$HRFSSI,-51*
$RFMSGEND*
$RFMSGFROM,17157,35,111,0,0*
$DECOMPRESS,70*
$BAROALT,101662.25,26,-2.7*
$BATMV,3616*
$GPGGA,042037.500,3850.6791,N,07704.5766,W,1,08,01.1,31.6,M,-34.0,M,0,0*6E
$GPRMC,042037.500,A,3850.6791,N,07704.5766,W,000.1,085.3,030926,,,A*7B
$HRFSSI,-53*
$RFMSGEND*
$RFMSGFROM,17157,35,111,0,0*
$DECOMPRESS,70*
$BAROALT,101661.25,26,-2.7*
$BATMV,3622*
$GPGGA,042038.500,3850.6794,N,07704.5766,W,1,09,01.1,32.4,M,-34.0,M,0,0*64
$GPRMC,042038.500,A,3850.6794,N,07704.5766,W,000.0,085.3,030926,,,A*70
$HRFSSI,-52*
$RFMSGEND*
$RFMSGFROM,17157,35,111,0,0*
$DECOMPRESS,70*
$BAROALT,101659.00,26,-2.7*
$BATMV,3622*
$GPGGA,042039.500,3850.6796,N,07704.5766,W,1,09,01.1,32.7,M,-34.0,M,0,0*64
$GPRMC,042039.500,A,3850.6796,N,07704.5766,W,000.0,085.3,030926,,,A*73
$HRFSSI,-52*
$RFMSGEND*
$RFMSGFROM,17157,35,111,0,0*
$DECOMPRESS,70*
$BAROALT,101662.25,26,-2.7*
$BATMV,3616*
$GPGGA,042040.500,3850.6796,N,07704.5761,W,1,09,01.1,33.3,M,-34.0,M,0,0*68
$GPRMC,042040.500,A,3850.6796,N,07704.5761,W,000.0,085.3,030926,,,A*7A
$HRFSSI,-52*
$RFMSGEND*
$RFMSGFROM,17157,35,111,0,0*
$DECOMPRESS,70*
$BAROALT,101659.00,26,-2.7*
$BATMV,3616*
$GPGGA,042041.500,3850.6799,N,07704.5761,W,1,09,01.1,34.0,M,-34.0,M,0,0*62
$GPRMC,042041.500,A,3850.6799,N,07704.5761,W,000.0,085.3,030926,,,A*74
$HRFSSI,-52*
$RFMSGEND*
$RFMSGFROM,17157,35,111,0,0*
$DECOMPRESS,70*
$BAROALT,101657.25,26,-2.7*
$BATMV,3616*
$GPGGA,042042.500,3850.6801,N,07704.5761,W,1,09,01.1,34.7,M,-34.0,M,0,0*68
$GPRMC,042042.500,A,3850.6801,N,07704.5761,W,000.1,085.3,030926,,,A*78
$HRFSSI,-52*
$RFMSGEND*
$RFMSGFROM,17157,35,111,0,0*
$DECOMPRESS,70*
$BAROALT,101658.25,26,-2.7*
$BATMV,3622*
$GPGGA,042043.500,3850.6804,N,07704.5761,W,1,09,01.1,35.3,M,-34.0,M,0,0*69
$GPRMC,042043.500,A,3850.6804,N,07704.5761,W,000.0,085.3,030926,,,A*7D
$HRFSSI,-52*
$RFMSGEND*
$RFMSGFROM,17157,35,111,0,0*
$DECOMPRESS,70*
$BAROALT,101661.00,26,-2.7*
$BATMV,3622*
$GPGGA,042044.500,3850.6804,N,07704.5766,W,1,09,01.1,35.8,M,-34.0,M,0,0*62
$GPRMC,042044.500,A,3850.6804,N,07704.5766,W,000.0,085.3,030926,,,A*7D
$HRFSSI,-52*
$RFMSGEND*
$RFMSGFROM,17157,35,111,0,0*
$DECOMPRESS,70*
$BAROALT,101658.75,26,-2.7*
$BATMV,3622*
$GPGGA,042045.500,3850.6806,N,07704.5766,W,1,09,01.1,36.4,M,-34.0,M,0,0*6E
$GPRMC,042045.500,A,3850.6806,N,07704.5766,W,000.0,085.3,030926,,,A*7E
$HRFSSI,-51*
$RFMSGEND*
$RFMSGFROM,17157,35,111,0,0*
$DECOMPRESS,70*
$BAROALT,101659.25,26,-2.7*
$BATMV,3622*
$GPGGA,042046.500,3850.6809,N,07704.5771,W,1,09,01.1,37.1,M,-34.0,M,0,0*60
$GPRMC,042046.500,A,3850.6809,N,07704.5771,W,000.0,085.3,030926,,,A*74
$HRFSSI,-52*
$RFMSGEND*
$RFMSGFROM,17157,35,111,0,0*
$DECOMPRESS,70*
$BAROALT,101658.00,26,-2.7*
$BATMV,3622*
$GPGGA,042047.500,3850.6813,N,07704.5771,W,1,09,01.1,38.6,M,-34.0,M,0,0*62
$GPRMC,042047.500,A,3850.6813,N,07704.5771,W,000.2,085.3,030926,,,A*7C
$HRFSSI,-52*
$RFMSGEND*
$RFMSGFROM,17157,35,111,0,0*
$DECOMPRESS,70*
$BAROALT,101659.25,26,-2.7*
$BATMV,3622*
$GPGGA,042048.500,3850.6813,N,07704.5776,W,1,09,01.1,38.9,M,-34.0,M,0,0*65
$GPRMC,042048.500,A,3850.6813,N,07704.5776,W,000.2,085.3,030926,,,A*74
$HRFSSI,-51*
$RFMSGEND*
$RFMSGFROM,17157,35,111,0,0*
$DECOMPRESS,70*
$BAROALT,101662.00,26,-2.7*
$BATMV,3616*
$GPGGA,042049.500,3850.6816,N,07704.5776,W,1,09,01.1,39.5,M,-34.0,M,0,0*6C
$GPRMC,042049.500,A,3850.6816,N,07704.5776,W,000.1,085.3,030926,,,A*73
$HRFSSI,-52*
$RFMSGEND*
$RFMSGFROM,17157,35,111,0,0*
$DECOMPRESS,70*
$BAROALT,101659.00,26,-2.7*
$BATMV,3616*
$GPGGA,042050.500,3850.6816,N,07704.5776,W,1,09,01.1,39.8,M,-34.0,M,0,0*69
$GPRMC,042050.500,A,3850.6816,N,07704.5776,W,000.0,085.3,030926,,,A*7A
$HRFSSI,-51*
$RFMSGEND*
$RFMSGFROM,17157,35,111,0,0*
$DECOMPRESS,70*
$BAROALT,101661.25,26,-2.7*
$BATMV,3622*
$GPGGA,042051.500,3850.6816,N,07704.5776,W,1,09,01.1,40.3,M,-34.0,M,0,0*6D
$GPRMC,042051.500,A,3850.6816,N,07704.5776,W,000.0,085.3,030926,,,A*7B
$HRFSSI,-51*
$RFMSGEND*
$RFMSGFROM,17157,35,111,0,0*
$DECOMPRESS,70*
$BAROALT,101658.75,26,-2.7*
$BATMV,3622*
$GPGGA,042052.500,3850.6816,N,07704.5776,W,1,09,01.1,40.7,M,-34.0,M,0,0*6A
$GPRMC,042052.500,A,3850.6816,N,07704.5776,W,000.1,085.3,030926,,,A*79
$HRFSSI,-51*
$RFMSGEND*
$RFMSGFROM,17157,35,111,0,0*
$DECOMPRESS,70*
$BAROALT,101661.50,26,-2.7*
$BATMV,3622*
$GPGGA,042053.500,3850.6818,N,07704.5781,W,1,09,01.1,41.0,M,-34.0,M,0,0*6B
$GPRMC,042053.500,A,3850.6818,N,07704.5781,W,000.0,085.3,030926,,,A*7F
$HRFSSI,-51*
$RFMSGEND*
$RFMSGFROM,17157,35,111,0,0*
$DECOMPRESS,70*
$BAROALT,101658.75,26,-2.7*
$BATMV,3622*
$GPGGA,042054.500,3850.6818,N,07704.5781,W,1,09,01.1,41.5,M,-34.0,M,0,0*69
$GPRMC,042054.500,A,3850.6818,N,07704.5781,W,000.0,085.3,030926,,,A*78
$HRFSSI,-52*
$RFMSGEND*
$RFMSGFROM,17157,35,111,0,0*
$DECOMPRESS,70*
$BAROALT,101661.25,26,-2.7*
$BATMV,3622*
$GPGGA,042055.500,3850.6821,N,07704.5781,W,1,09,01.7,41.6,M,-34.0,M,0,0*67
$GPRMC,042055.500,A,3850.6821,N,07704.5781,W,000.0,085.3,030926,,,A*73
$HRFSSI,-51*
$RFMSGEND*
$RFMSGFROM,17157,35,111,0,0*
$DECOMPRESS,70*
$BAROALT,101660.50,26,-2.7*
$BATMV,3616*
$GPGGA,042056.500,3850.6821,N,07704.5781,W,1,09,01.7,42.2,M,-34.0,M,0,0*63
$GPRMC,042056.500,A,3850.6821,N,07704.5781,W,000.0,085.3,030926,,,A*70
$HRFSSI,-52*
$RFMSGEND*
$RFMSGFROM,17157,35,111,0,0*
$DECOMPRESS,70*
$BAROALT,101659.75,26,-2.7*
$BATMV,3622*
$GPGGA,042057.500,3850.6823,N,07704.5781,W,1,09,01.1,42.4,M,-34.0,M,0,0*60
$GPRMC,042057.500,A,3850.6823,N,07704.5781,W,000.0,085.3,030926,,,A*73
$HRFSSI,-52*
$RFMSGEND*
$RFMSGFROM,17157,35,111,0,0*
$DECOMPRESS,70*
$BAROALT,101660.00,26,-2.7*
$BATMV,3616*
$GPGGA,042058.500,3850.6826,N,07704.5781,W,1,09,01.1,43.1,M,-34.0,M,0,0*6E
$GPRMC,042058.500,A,3850.6826,N,07704.5781,W,000.1,085.3,030926,,,A*78
$HRFSSI,-52*
$RFMSGEND*
$RFMSGFROM,17157,35,111,0,0*
$DECOMPRESS,70*
$BAROALT,101660.75,26,-2.7*
$BATMV,3622*
$GPGGA,042059.500,3850.6826,N,07704.5781,W,1,09,01.1,43.6,M,-34.0,M,0,0*68
$GPRMC,042059.500,A,3850.6826,N,07704.5781,W,000.1,085.3,030926,,,A*79
$HRFSSI,-52*
$RFMSGEND*
$RFMSGFROM,17157,35,111,0,0*
$DECOMPRESS,70*
$BAROALT,101663.25,26,-2.8*
$BATMV,3616*
$GPGGA,042100.500,3850.6828,N,07704.5786,W,1,09,01.1,43.9,M,-34.0,M,0,0*63
$GPRMC,042100.500,A,3850.6828,N,07704.5786,W,000.1,085.3,030926,,,A*7D
$HRFSSI,-52*
$RFMSGEND*
$RFMSGFROM,17157,35,111,0,0*
$DECOMPRESS,70*
$BAROALT,101661.75,26,-2.7*
$BATMV,3616*
$GPGGA,042101.500,3850.6828,N,07704.5786,W,1,09,01.1,44.3,M,-34.0,M,0,0*6F
$GPRMC,042101.500,A,3850.6828,N,07704.5786,W,000.0,085.3,030926,,,A*7D
$HRFSSI,-52*
$RFMSGEND*
$RFMSGFROM,17157,35,111,0,0*
$DECOMPRESS,70*
$BAROALT,101658.50,26,-2.7*
$BATMV,3622*
$GPGGA,042102.500,3850.6831,N,07704.5786,W,1,09,01.1,44.9,M,-34.0,M,0,0*6E
$GPRMC,042102.500,A,3850.6831,N,07704.5786,W,000.0,085.3,030926,,,A*76
$HRFSSI,-51*
$RFMSGEND*
$RFMSGFROM,17157,35,111,0,0*
$DECOMPRESS,70*
$BAROALT,101661.50,26,-2.7*
$BATMV,3616*
$GPGGA,042103.500,3850.6831,N,07704.5786,W,1,09,01.1,45.4,M,-34.0,M,0,0*63
$GPRMC,042103.500,A,3850.6831,N,07704.5786,W,000.0,085.3,030926,,,A*77
$HRFSSI,-52*
$RFMSGEND*
$RFMSGFROM,17157,35,111,0,0*
$DECOMPRESS,70*
$BAROALT,101662.50,26,-2.7*
$BATMV,3616*
$GPGGA,042104.500,3850.6833,N,07704.5786,W,1,09,01.1,45.8,M,-34.0,M,0,0*6A
$GPRMC,042104.500,A,3850.6833,N,07704.5786,W,000.1,085.3,030926,,,A*73
$HRFSSI,-51*
$RFMSGEND*
$RFMSGFROM,17157,35,111,0,0*
$DECOMPRESS,70*
$BAROALT,101659.75,26,-2.7*
$BATMV,3622*
$GPGGA,042105.500,3850.6833,N,07704.5786,W,1,09,01.1,46.2,M,-34.0,M,0,0*62
$GPRMC,042105.500,A,3850.6833,N,07704.5786,W,000.1,085.3,030926,,,A*72
$HRFSSI,-51*
$RFMSGEND*
$RFMSGFROM,17157,35,111,0,0*
$DECOMPRESS,70*
$BAROALT,101660.00,26,-2.7*
$BATMV,3622*
$GPGGA,042106.500,3850.6833,N,07704.5791,W,1,09,01.1,46.2,M,-34.0,M,0,0*67
$GPRMC,042106.500,A,3850.6833,N,07704.5791,W,000.0,085.3,030926,,,A*76
$HRFSSI,-52*
$RFMSGEND*
$RFMSGFROM,17157,35,111,0,0*
$DECOMPRESS,70*
$BAROALT,101661.75,26,-2.7*
$BATMV,3616*
$GPGGA,042107.500,3850.6833,N,07704.5791,W,1,09,01.1,46.9,M,-34.0,M,0,0*6D
$GPRMC,042107.500,A,3850.6833,N,07704.5791,W,000.1,085.3,030926,,,A*76
$HRFSSI,-52*
$RFMSGEND*
$RFMSGFROM,17157,35,111,0,0*
$DECOMPRESS,70*
$BAROALT,101660.00,26,-2.7*
$BATMV,3616*
$GPGGA,042108.500,3850.6835,N,07704.5791,W,1,09,01.1,47.4,M,-34.0,M,0,0*68
$GPRMC,042108.500,A,3850.6835,N,07704.5791,W,000.1,085.3,030926,,,A*7F
$HRFSSI,-52*
$RFMSGEND*
$RFMSGFROM,17157,35,111,0,0*
$DECOMPRESS,70*
$BAROALT,101661.00,26,-2.7*
$BATMV,3622*
$GPGGA,042109.500,3850.6835,N,07704.5795,W,1,09,01.1,47.7,M,-34.0,M,0,0*6E
$GPRMC,042109.500,A,3850.6835,N,07704.5795,W,000.2,085.3,030926,,,A*79
$HRFSSI,-51*
$RFMSGEND*
$RFMSGFROM,17157,35,111,0,0*
$DECOMPRESS,70*
$BAROALT,101661.00,26,-2.7*
$BATMV,3616*
$GPGGA,042110.500,3850.6835,N,07704.5795,W,1,09,01.1,47.7,M,-34.0,M,0,0*66
$GPRMC,042110.500,A,3850.6835,N,07704.5795,W,000.0,085.3,030926,,,A*73
$HRFSSI,-52*
$RFMSGEND*
$RFMSGFROM,17157,35,111,0,0*
$DECOMPRESS,70*
$BAROALT,101659.75,26,-2.7*
$BATMV,3622*
$GPGGA,042111.500,3850.6835,N,07704.5795,W,1,09,01.1,47.6,M,-34.0,M,0,0*66
$GPRMC,042111.500,A,3850.6835,N,07704.5795,W,000.0,085.3,030926,,,A*72
$HRFSSI,-51*
$RFMSGEND*
$RFMSGFROM,17157,35,111,0,0*
$DECOMPRESS,70*
$BAROALT,101663.50,26,-2.8*
$BATMV,3616*
$GPGGA,042112.500,3850.6835,N,07704.5795,W,1,09,01.1,47.7,M,-34.0,M,0,0*64
$GPRMC,042112.500,A,3850.6835,N,07704.5795,W,000.0,085.3,030926,,,A*71
$HRFSSI,-52*
$RFMSGEND*
$RFMSGFROM,17157,35,111,0,0*
$DECOMPRESS,70*
$BAROALT,101659.25,26,-2.7*
$BATMV,3616*
$GPGGA,042113.500,3850.6835,N,07704.5800,W,1,09,01.1,47.8,M,-34.0,M,0,0*69
$GPRMC,042113.500,A,3850.6835,N,07704.5800,W,000.0,085.3,030926,,,A*73
$HRFSSI,-52*
$RFMSGEND*
$RFMSGFROM,17157,35,111,0,0*
$DECOMPRESS,70*
$BAROALT,101662.00,26,-2.7*
$BATMV,3622*
$GPGGA,042114.500,3850.6835,N,07704.5800,W,1,09,01.1,47.9,M,-34.0,M,0,0*6F
$GPRMC,042114.500,A,3850.6835,N,07704.5800,W,000.0,085.3,030926,,,A*74
$HRFSSI,-52*
$RFMSGEND*
$RFMSGFROM,17157,35,111,0,0*
$DECOMPRESS,70*
$BAROALT,101662.50,26,-2.7*
$BATMV,3616*
$GPGGA,042115.500,3850.6833,N,07704.5800,W,1,09,01.1,47.9,M,-34.0,M,0,0*68
$GPRMC,042115.500,A,3850.6833,N,07704.5800,W,000.0,085.3,030926,,,A*73
$HRFSSI,-51*
$RFMSGEND*
$RFMSGFROM,17157,35,111,0,0*
$DECOMPRESS,70*
$BAROALT,101658.00,26,-2.7*
$BATMV,3622*
$GPGGA,042116.500,3850.6833,N,07704.5800,W,1,09,01.1,47.8,M,-34.0,M,0,0*6A
$GPRMC,042116.500,A,3850.6833,N,07704.5800,W,000.0,085.3,030926,,,A*70
$HRFSSI,-52*
$RFMSGEND*
$RFMSGFROM,17157,35,111,0,0*
$DECOMPRESS,70*
$BAROALT,101660.75,26,-2.7*
$BATMV,3622*
$GPGGA,042117.500,3850.6833,N,07704.5800,W,1,09,01.1,47.9,M,-34.0,M,0,0*6A
$GPRMC,042117.500,A,3850.6833,N,07704.5800,W,000.0,085.3,030926,,,A*71
$HRFSSI,-51*
$RFMSGEND*
$RFMSGFROM,17157,35,111,0,0*
$DECOMPRESS,70*
$BAROALT,101662.75,26,-2.7*
$BATMV,3616*
$GPGGA,042118.500,3850.6833,N,07704.5800,W,1,09,01.1,47.8,M,-34.0,M,0,0*64
$GPRMC,042118.500,A,3850.6833,N,07704.5800,W,000.0,085.3,030926,,,A*7E
$HRFSSI,-52*
$RFMSGEND*
$RFMSGFROM,17157,35,111,0,0*
$DECOMPRESS,70*
$BAROALT,101659.25,26,-2.7*
$BATMV,3616*
$GPGGA,042119.500,3850.6831,N,07704.5800,W,1,09,01.1,47.6,M,-34.0,M,0,0*69
$GPRMC,042119.500,A,3850.6831,N,07704.5800,W,000.0,085.3,030926,,,A*7D
$HRFSSI,-51*
$RFMSGEND*
$RFMSGFROM,17157,35,111,0,0*
$DECOMPRESS,70*
$BAROALT,101660.75,26,-2.7*
$BATMV,3616*
$GPGGA,042120.500,3850.6831,N,07704.5800,W,1,08,01.1,47.4,M,-34.0,M,0,0*60
$GPRMC,042120.500,A,3850.6831,N,07704.5800,W,000.0,085.3,030926,,,A*77
$HRFSSI,-51*
$RFMSGEND*
$RFMSGFROM,17157,35,111,0,0*
$DECOMPRESS,70*
$BAROALT,101664.50,26,-2.8*
$BATMV,3616*
$GPGGA,042121.500,3850.6831,N,07704.5805,W,1,09,01.1,47.5,M,-34.0,M,0,0*64
$GPRMC,042121.500,A,3850.6831,N,07704.5805,W,000.0,085.3,030926,,,A*73
$HRFSSI,-52*
$RFMSGEND*
$RFMSGFROM,17157,35,111,0,0*
$DECOMPRESS,70*
$BAROALT,101661.00,26,-2.7*
$BATMV,3616*
$GPGGA,042122.500,3850.6831,N,07704.5805,W,1,09,01.1,47.4,M,-34.0,M,0,0*66
$GPRMC,042122.500,A,3850.6831,N,07704.5805,W,000.0,085.3,030926,,,A*70
$HRFSSI,-51*
$RFMSGEND*
$RFMSGFROM,17157,35,111,0,0*
$DECOMPRESS,70*
$BAROALT,101659.25,26,-2.7*
$BATMV,3616*
$GPGGA,042123.500,3850.6831,N,07704.5805,W,1,09,01.1,47.2,M,-34.0,M,0,0*61
$GPRMC,042123.500,A,3850.6831,N,07704.5805,W,000.0,085.3,030926,,,A*71
$HRFSSI,-52*
$RFMSGEND*
$RFMSGFROM,17157,35,111,0,0*
$DECOMPRESS,70*
$BAROALT,101661.50,26,-2.7*
$BATMV,3616*
$GPGGA,042124.500,3850.6828,N,07704.5805,W,1,08,01.1,46.9,M,-34.0,M,0,0*65
$GPRMC,042124.500,A,3850.6828,N,07704.5805,W,000.2,085.3,030926,,,A*7C
$HRFSSI,-51*
$RFMSGEND*
$RFMSGFROM,17157,35,111,0,0*
$DECOMPRESS,70*
$BAROALT,101661.00,26,-2.7*
$BATMV,3622*
$GPGGA,042125.500,3850.6831,N,07704.5805,W,1,08,01.1,47.5,M,-34.0,M,0,0*61
$GPRMC,042125.500,A,3850.6831,N,07704.5805,W,000.1,085.3,030926,,,A*76
$HRFSSI,-52*
$RFMSGEND*
$RFMSGFROM,17157,35,111,0,0*
$DECOMPRESS,70*
$BAROALT,101664.50,26,-2.8*
$BATMV,3616*
$GPGGA,042126.500,3850.6831,N,07704.5805,W,1,08,01.1,47.2,M,-34.0,M,0,0*65
$GPRMC,042126.500,A,3850.6831,N,07704.5805,W,000.1,085.3,030926,,,A*75
$HRFSSI,-52*
$RFMSGEND*
$RFMSGFROM,17157,35,111,0,0*
$DECOMPRESS,70*
$BAROALT,101659.25,26,-2.7*
$BATMV,3616*
$GPGGA,042127.500,3850.6828,N,07704.5805,W,1,08,01.1,46.8,M,-34.0,M,0,0*67
$GPRMC,042127.500,A,3850.6828,N,07704.5805,W,000.1,085.3,030926,,,A*7C
$HRFSSI,-51*
$RFMSGEND*
$RFMSGFROM,17157,35,111,0,0*
$DECOMPRESS,70*
$BAROALT,101659.75,26,-2.7*
$BATMV,3616*
$GPGGA,042128.500,3850.6828,N,07704.5805,W,1,08,01.1,46.8,M,-34.0,M,0,0*68
$GPRMC,042128.500,A,3850.6828,N,07704.5805,W,000.1,085.3,030926,,,A*73
$HRFSSI,-52*
$RFMSGEND*
$RFMSGFROM,17157,35,111,0,0*
$DECOMPRESS,70*
$BAROALT,101662.00,26,-2.7*
$BATMV,3616*
$GPGGA,042129.500,3850.6828,N,07704.5805,W,1,08,01.1,46.4,M,-34.0,M,0,0*65
$GPRMC,042129.500,A,3850.6828,N,07704.5805,W,000.0,085.3,030926,,,A*73
$HRFSSI,-51*
$RFMSGEND*
$RFMSGFROM,17157,35,111,0,0*
$DECOMPRESS,70*
$BAROALT,101660.50,26,-2.7*
$BATMV,3622*
$GPGGA,042130.500,3850.6826,N,07704.5805,W,1,07,01.2,45.8,M,-34.0,M,0,0*60
$GPRMC,042130.500,A,3850.6826,N,07704.5805,W,000.0,085.3,030926,,,A*75
$HRFSSI,-52*
$RFMSGEND*
$RFMSGFROM,17157,35,111,0,0*
$DECOMPRESS,70*
$BAROALT,101659.25,26,-2.7*
$BATMV,3622*
$GPGGA,042131.500,3850.6826,N,07704.5805,W,1,08,01.1,45.7,M,-34.0,M,0,0*62
$GPRMC,042131.500,A,3850.6826,N,07704.5805,W,000.0,085.3,030926,,,A*74
$HRFSSI,-52*
$RFMSGEND*
$RFMSGFROM,17157,35,111,0,0*
$DECOMPRESS,70*
$BAROALT,101658.75,26,-2.7*
$BATMV,3616*
$GPGGA,042132.500,3850.6823,N,07704.5805,W,1,08,01.1,45.3,M,-34.0,M,0,0*60
$GPRMC,042132.500,A,3850.6823,N,07704.5805,W,000.0,085.3,030926,,,A*72
$HRFSSI,-52*
$RFMSGEND*
$RFMSGFROM,17157,35,111,0,0*
$DECOMPRESS,70*
$BAROALT,101660.50,26,-2.7*
$BATMV,3622*
$GPGGA,042133.500,3850.6823,N,07704.5805,W,1,08,01.1,45.1,M,-34.0,M,0,0*63
$GPRMC,042133.500,A,3850.6823,N,07704.5805,W,000.0,085.3,030926,,,A*73
$HRFSSI,-51*
$RFMSGEND*
$RFMSGFROM,17157,35,111,0,0*
$DECOMPRESS,70*
$BAROALT,101660.25,26,-2.7*
$BATMV,3616*
$GPGGA,042134.500,3850.6821,N,07704.5805,W,1,07,01.2,44.4,M,-34.0,M,0,0*6E
$GPRMC,042134.500,A,3850.6821,N,07704.5805,W,000.0,085.3,030926,,,A*76
$HRFSSI,-52*
$RFMSGEND*
$RFMSGFROM,17157,35,111,0,0*
$DECOMPRESS,70*
$BAROALT,101660.00,26,-2.7*
$BATMV,3616*
$GPGGA,042135.500,3850.6818,N,07704.5805,W,1,07,01.2,43.6,M,-34.0,M,0,0*60
$GPRMC,042135.500,A,3850.6818,N,07704.5805,W,000.1,085.3,030926,,,A*7C
$HRFSSI,-52*
$RFMSGEND*
$RFMSGFROM,17157,35,111,0,0*
$DECOMPRESS,70*
$BAROALT,101660.50,26,-2.7*
$BATMV,3616*
$GPGGA,042136.500,3850.6816,N,07704.5805,W,1,07,01.2,42.7,M,-34.0,M,0,0*6D
$GPRMC,042136.500,A,3850.6816,N,07704.5805,W,000.1,085.3,030926,,,A*71
$HRFSSI,-51*
$RFMSGEND*
$RFMSGFROM,17157,35,111,0,0*
$DECOMPRESS,70*
$BAROALT,101663.00,26,-2.8*
$BATMV,3622*
$GPGGA,042137.500,3850.6816,N,07704.5805,W,1,07,01.2,42.2,M,-34.0,M,0,0*69
$GPRMC,042137.500,A,3850.6816,N,07704.5805,W,000.0,085.3,030926,,,A*71
$HRFSSI,-52*
$RFMSGEND*
$RFMSGFROM,17157,35,111,0,0*
$DECOMPRESS,70*
$BAROALT,101661.25,26,-2.7*
$BATMV,3622*
$GPGGA,042138.500,3850.6813,N,07704.5805,W,1,07,01.2,41.4,M,-34.0,M,0,0*66
$GPRMC,042138.500,A,3850.6813,N,07704.5805,W,000.1,085.3,030926,,,A*7A
$HRFSSI,-52*
$RFMSGEND*
$RFMSGFROM,17157,35,111,0,0*
$DECOMPRESS,70*
$BAROALT,101661.00,26,-2.7*
$BATMV,3616*
$GPGGA,042139.500,3850.6811,N,07704.5805,W,1,07,01.2,41.2,M,-34.0,M,0,0*63
$GPRMC,042139.500,A,3850.6811,N,07704.5805,W,000.1,085.3,030926,,,A*79
$HRFSSI,-51*
$RFMSGEND*
$RFMSGFROM,17157,35,111,0,0*
$DECOMPRESS,70*
$BAROALT,101658.50,26,-2.7*
$BATMV,3616*
$GPGGA,042140.500,3850.6811,N,07704.5805,W,1,07,01.2,40.9,M,-34.0,M,0,0*67
$GPRMC,042140.500,A,3850.6811,N,07704.5805,W,000.1,085.3,030926,,,A*77
$HRFSSI,-50*
$RFMSGEND*
$RFMSGFROM,17157,35,111,0,0*
$DECOMPRESS,70*
$BAROALT,101661.25,26,-2.7*
$BATMV,3616*
$GPGGA,042141.500,3850.6809,N,07704.5805,W,1,07,01.2,40.1,M,-34.0,M,0,0*67
$GPRMC,042141.500,A,3850.6809,N,07704.5805,W,000.1,085.3,030926,,,A*7F
$HRFSSI,-51*
$RFMSGEND*
$RFMSGFROM,17157,35,111,0,0*
$DECOMPRESS,70*
$BAROALT,101662.25,26,-2.7*
$BATMV,3616*
$GPGGA,042142.500,3850.6804,N,07704.5805,W,1,07,01.2,38.7,M,-34.0,M,0,0*60
$GPRMC,042142.500,A,3850.6804,N,07704.5805,W,000.0,085.3,030926,,,A*70
$HRFSSI,-52*
$RFMSGEND*
$RFMSGFROM,17157,35,111,0,0*
$DECOMPRESS,70*
$BAROALT,101659.00,26,-2.7*
$BATMV,3616*
$GPGGA,042143.500,3850.6801,N,07704.5805,W,1,07,01.2,37.5,M,-34.0,M,0,0*69
$GPRMC,042143.500,A,3850.6801,N,07704.5805,W,000.0,085.3,030926,,,A*74
$HRFSSI,-52*
$RFMSGEND*
$RFMSGFROM,17157,35,111,0,0*
$DECOMPRESS,70*
$BAROALT,101660.25,26,-2.7*
$BATMV,3622*
$GPGGA,042144.500,3850.6799,N,07704.5805,W,1,07,01.2,36.8,M,-34.0,M,0,0*6C
$GPRMC,042144.500,A,3850.6799,N,07704.5805,W,000.1,085.3,030926,,,A*7C
$HRFSSI,-53*
$RFMSGEND*
$RFMSGFROM,17157,35,111,0,0*
$DECOMPRESS,70*
$BAROALT,101662.50,26,-2.7*
$BATMV,3616*
$GPGGA,042145.500,3850.6796,N,07704.5800,W,1,06,01.8,36.0,M,-34.0,M,0,0*64
$GPRMC,042145.500,A,3850.6796,N,07704.5800,W,000.0,085.3,030926,,,A*76
$HRFSSI,-53*
$RFMSGEND*
$RFMSGFROM,17157,35,111,0,0*
$DECOMPRESS,70*
$BAROALT,101663.75,26,-2.8*
$BATMV,3616*
$GPGGA,042146.500,3850.6794,N,07704.5800,W,1,07,01.2,35.1,M,-34.0,M,0,0*6C
$GPRMC,042146.500,A,3850.6794,N,07704.5800,W,000.1,085.3,030926,,,A*76
$HRFSSI,-52*
$RFMSGEND*
$RFMSGFROM,17157,35,111,0,0*
$DECOMPRESS,70*
$BAROALT,101660.25,26,-2.7*
$BATMV,3616*
$GPGGA,042147.500,3850.6794,N,07704.5800,W,1,07,01.2,34.4,M,-34.0,M,0,0*69
$GPRMC,042147.500,A,3850.6794,N,07704.5800,W,000.1,085.3,030926,,,A*77
$HRFSSI,-52*
$RFMSGEND*
$RFMSGFROM,17157,35,111,0,0*
$DECOMPRESS,70*
$BAROALT,101660.50,26,-2.7*
$BATMV,3616*
$GPGGA,042148.500,3850.6794,N,07704.5800,W,1,07,01.2,34.3,M,-34.0,M,0,0*61
$GPRMC,042148.500,A,3850.6794,N,07704.5800,W,000.1,085.3,030926,,,A*78
$HRFSSI,-52*
$RFMSGEND*
$RFMSGFROM,17157,35,111,0,0*
$DECOMPRESS,70*
$BAROALT,101660.50,26,-2.7*
$BATMV,3616*
$GPGGA,042149.500,3850.6791,N,07704.5800,W,1,06,01.8,33.9,M,-34.0,M,0,0*63
$GPRMC,042149.500,A,3850.6791,N,07704.5800,W,000.1,085.3,030926,,,A*7C
$HRFSSI,-51*
$RFMSGEND*
$RFMSGFROM,17157,35,111,0,0*
$DECOMPRESS,70*
$BAROALT,101659.75,26,-2.7*
$BATMV,3616*
$GPGGA,042150.500,3850.6791,N,07704.5800,W,1,06,01.8,33.5,M,-34.0,M,0,0*67
$GPRMC,042150.500,A,3850.6791,N,07704.5800,W,000.0,085.3,030926,,,A*75
$HRFSSI,-51*
$RFMSGEND*
$RFMSGFROM,17157,35,111,0,0*
$DECOMPRESS,70*
$BAROALT,101661.50,26,-2.7*
$BATMV,3616*
$GPGGA,042151.500,3850.6791,N,07704.5800,W,1,06,01.8,33.1,M,-34.0,M,0,0*62
$GPRMC,042151.500,A,3850.6791,N,07704.5800,W,000.0,085.3,030926,,,A*74
$HRFSSI,-51*
$RFMSGEND*
$RFMSGFROM,17157,35,111,0,0*
$DECOMPRESS,70*
$BAROALT,101662.00,26,-2.7*
$BATMV,3622*
$GPGGA,042152.500,3850.6789,N,07704.5800,W,1,06,01.8,32.9,M,-34.0,M,0,0*61
$GPRMC,042152.500,A,3850.6789,N,07704.5800,W,000.0,085.3,030926,,,A*7E
$HRFSSI,-51*
$RFMSGEND*
$RFMSGFROM,17157,35,111,0,0*
$DECOMPRESS,70*
$BAROALT,101659.50,26,-2.7*
$BATMV,3622*
$GPGGA,042153.500,3850.6789,N,07704.5800,W,1,06,01.8,32.5,M,-34.0,M,0,0*6C
$GPRMC,042153.500,A,3850.6789,N,07704.5800,W,000.0,085.3,030926,,,A*7F
$HRFSSI,-52*
$RFMSGEND*
$RFMSGFROM,17157,35,111,0,0*
$DECOMPRESS,70*
$BAROALT,101659.75,26,-2.7*
$BATMV,3616*
$GPGGA,042154.500,3850.6789,N,07704.5800,W,1,07,01.7,32.3,M,-34.0,M,0,0*63
$GPRMC,042154.500,A,3850.6789,N,07704.5800,W,000.0,085.3,030926,,,A*78
$HRFSSI,-52*
$RFMSGEND*
$RFMSGFROM,17157,35,111,0,0*
$DECOMPRESS,70*
$BAROALT,101661.50,26,-2.7*
$BATMV,3622*
$GPGGA,042155.500,3850.6789,N,07704.5800,W,1,07,01.7,32.3,M,-34.0,M,0,0*62
$GPRMC,042155.500,A,3850.6789,N,07704.5800,W,000.0,085.3,030926,,,A*79
$HRFSSI,-52*
$RFMSGEND*
$RFMSGFROM,17157,35,111,0,0*
$DECOMPRESS,70*
$BAROALT,101659.00,26,-2.7*
$BATMV,3616*
$GPGGA,042156.500,3850.6789,N,07704.5800,W,1,08,01.7,32.4,M,-34.0,M,0,0*69
$GPRMC,042156.500,A,3850.6789,N,07704.5800,W,000.0,085.3,030926,,,A*7A
$HRFSSI,-52*
$RFMSGEND*
$RFMSGFROM,17157,35,111,0,0*
$DECOMPRESS,70*
$BAROALT,101661.25,26,-2.7*
$BATMV,3616*
$GPGGA,042157.500,3850.6791,N,07704.5800,W,1,08,01.7,32.6,M,-34.0,M,0,0*63
$GPRMC,042157.500,A,3850.6791,N,07704.5800,W,000.0,085.3,030926,,,A*72
$HRFSSI,-52*
$RFMSGEND*
$RFMSGFROM,17157,35,111,0,0*
$DECOMPRESS,70*
$BAROALT,101663.25,26,-2.8*
$BATMV,3616*
$GPGGA,042158.500,3850.6791,N,07704.5800,W,1,08,01.7,32.9,M,-34.0,M,0,0*63
$GPRMC,042158.500,A,3850.6791,N,07704.5800,W,000.0,085.3,030926,,,A*7D
$HRFSSI,-52*
$RFMSGEND*
$RFMSGFROM,17157,35,111,0,0*
$DECOMPRESS,70*
$BAROALT,101661.25,26,-2.7*
$BATMV,3622*
$GPGGA,042159.500,3850.6791,N,07704.5800,W,1,08,01.7,33.0,M,-34.0,M,0,0*6A
$GPRMC,042159.500,A,3850.6791,N,07704.5800,W,000.0,085.3,030926,,,A*7C
$HRFSSI,-52*
$RFMSGEND*
$RFMSGFROM,17157,35,111,0,0*
$DECOMPRESS,70*
$BAROALT,101657.50,26,-2.7*
$BATMV,3616*
$GPGGA,042200.500,3850.6791,N,07704.5800,W,1,07,01.7,32.9,M,-34.0,M,0,0*62
$GPRMC,042200.500,A,3850.6791,N,07704.5800,W,000.0,085.3,030926,,,A*73
$HRFSSI,-51*
$RFMSGEND*
$RFMSGFROM,17157,35,111,0,0*
$DECOMPRESS,70*
$BAROALT,101658.25,26,-2.7*
$BATMV,3622*
$GPGGA,042201.500,3850.6791,N,07704.5800,W,1,07,01.7,32.7,M,-34.0,M,0,0*6D
$GPRMC,042201.500,A,3850.6791,N,07704.5800,W,000.0,085.3,030926,,,A*72
$HRFSSI,-51*
$RFMSGEND*
$RFMSGFROM,17157,35,111,0,0*
$DECOMPRESS,70*
$BAROALT,101661.25,26,-2.7*
$BATMV,3609*
$GPGGA,042202.500,3850.6791,N,07704.5800,W,1,07,01.7,32.6,M,-34.0,M,0,0*6F
$GPRMC,042202.500,A,3850.6791,N,07704.5800,W,000.0,085.3,030926,,,A*71
$HRFSSI,-51*
$RFMSGEND*
$RFMSGFROM,17157,35,111,0,0*
$DECOMPRESS,70*
$BAROALT,101661.00,26,-2.7*
$BATMV,3622*
$GPGGA,042203.500,3850.6791,N,07704.5800,W,1,05,02.7,32.5,M,-34.0,M,0,0*6C
$GPRMC,042203.500,A,3850.6791,N,07704.5800,W,000.0,085.3,030926,,,A*70
$HRFSSI,-51*
$RFMSGEND*
$RFMSGFROM,17157,35,111,0,0*
$DECOMPRESS,70*
$BAROALT,101660.25,26,-2.7*
$BATMV,3616*
$GPGGA,042204.500,3850.6791,N,07704.5800,W,1,06,01.8,32.2,M,-34.0,M,0,0*63
$GPRMC,042204.500,A,3850.6791,N,07704.5800,W,000.0,085.3,030926,,,A*77
$HRFSSI,-52*
$RFMSGEND*
$RFMSGFROM,17157,35,111,0,0*
$DECOMPRESS,70*
$BAROALT,101663.75,26,-2.8*
$BATMV,3622*
$GPGGA,042205.500,3850.6789,N,07704.5800,W,1,07,01.7,31.8,M,-34.0,M,0,0*6C
$GPRMC,042205.500,A,3850.6789,N,07704.5800,W,000.0,085.3,030926,,,A*7F
$HRFSSI,-52*
$RFMSGEND*
$RFMSGFROM,17157,35,111,0,0*
$DECOMPRESS,70*
$BAROALT,101661.75,26,-2.7*
$BATMV,3616*
$GPGGA,042206.500,3850.6789,N,07704.5800,W,1,08,01.1,31.4,M,-34.0,M,0,0*6A
$GPRMC,042206.500,A,3850.6789,N,07704.5800,W,000.0,085.3,030926,,,A*7C
$HRFSSI,-53*
$RFMSGEND*
$RFMSGFROM,17157,35,111,0,0*
$DECOMPRESS,70*
$BAROALT,101664.00,26,-2.8*
$BATMV,3616*
$GPGGA,042207.500,3850.6789,N,07704.5800,W,1,08,01.1,31.7,M,-34.0,M,0,0*68
$GPRMC,042207.500,A,3850.6789,N,07704.5800,W,000.1,085.3,030926,,,A*7C
$HRFSSI,-52*
$RFMSGEND*
$RFMSGFROM,17157,35,111,0,0*
$DECOMPRESS,70*
$BAROALT,101658.25,26,-2.7*
$BATMV,3616*
$GPGGA,042208.500,3850.6789,N,07704.5800,W,1,08,01.1,31.7,M,-34.0,M,0,0*67
$GPRMC,042208.500,A,3850.6789,N,07704.5800,W,000.2,085.3,030926,,,A*70
$HRFSSI,-51*
$RFMSGEND*
$RFMSGFROM,17157,35,111,0,0*
$DECOMPRESS,70*
$BAROALT,101661.75,26,-2.7*
$BATMV,3609*
$GPGGA,042209.500,3850.6789,N,07704.5800,W,1,08,01.1,31.5,M,-34.0,M,0,0*64
$GPRMC,042209.500,A,3850.6789,N,07704.5800,W,000.1,085.3,030926,,,A*72
$HRFSSI,-52*
$RFMSGEND*
$RFMSGFROM,17157,35,111,0,0*
$DECOMPRESS,70*
$BAROALT,101663.25,26,-2.8*
$BATMV,3616*
$GPGGA,042210.500,3850.6789,N,07704.5800,W,1,08,01.1,31.5,M,-34.0,M,0,0*6C
$GPRMC,042210.500,A,3850.6789,N,07704.5800,W,000.1,085.3,030926,,,A*7A
$HRFSSI,-52*
$RFMSGEND*
$RFMSGFROM,17157,35,111,0,0*
$DECOMPRESS,70*
$BAROALT,101657.50,26,-2.7*
$BATMV,3622*
$GPGGA,042211.500,3850.6791,N,07704.5800,W,1,08,01.1,31.7,M,-34.0,M,0,0*66
$GPRMC,042211.500,A,3850.6791,N,07704.5800,W,000.2,085.3,030926,,,A*71
$HRFSSI,-52*
$RFMSGEND*
$RFMSGFROM,17157,35,111,0,0*
$DECOMPRESS,70*
$BAROALT,101662.75,26,-2.7*
$BATMV,3622*
$GPGGA,042212.500,3850.6789,N,07704.5800,W,1,08,01.1,31.4,M,-34.0,M,0,0*6F
$GPRMC,042212.500,A,3850.6789,N,07704.5800,W,000.1,085.3,030926,,,A*78
$HRFSSI,-51*
$RFMSGEND*
$RFMSGFROM,17157,35,111,0,0*
$DECOMPRESS,70*
$BAROALT,101662.25,26,-2.7*
$BATMV,3616*
$GPGGA,042213.500,3850.6789,N,07704.5800,W,1,08,01.1,30.7,M,-34.0,M,0,0*6C
$GPRMC,042213.500,A,3850.6789,N,07704.5800,W,000.0,085.3,030926,,,A*78
$HRFSSI,-51*
$RFMSGEND*
$RFMSGFROM,17157,35,111,0,0*
$DECOMPRESS,70*
$BAROALT,101662.50,26,-2.7*
$BATMV,3616*
$GPGGA,042214.500,3850.6787,N,07704.5800,W,1,08,01.1,30.1,M,-34.0,M,0,0*63
$GPRMC,042214.500,A,3850.6787,N,07704.5800,W,000.0,085.3,030926,,,A*71
$HRFSSI,-51*
$RFMSGEND*
$RFMSGFROM,17157,35,111,0,0*
$DECOMPRESS,70*
$BAROALT,101661.00,26,-2.7*
$BATMV,3622*
$GPGGA,042215.500,3850.6787,N,07704.5800,W,1,08,01.1,29.6,M,-34.0,M,0,0*6D
$GPRMC,042215.500,A,3850.6787,N,07704.5800,W,000.0,085.3,030926,,,A*70
$HRFSSI,-51*
$RFMSGEND*
$RFMSGFROM,17157,35,111,0,0*
$DECOMPRESS,70*
$BAROALT,101662.25,26,-2.7*
$BATMV,3616*
$GPGGA,042216.500,3850.6784,N,07704.5795,W,1,09,01.1,28.9,M,-34.0,M,0,0*61
$GPRMC,042216.500,A,3850.6784,N,07704.5795,W,000.0,085.3,030926,,,A*73
$HRFSSI,-53*
$RFMSGEND*
$RFMSGFROM,17157,35,111,0,0*
$DECOMPRESS,70*
$BAROALT,101663.75,26,-2.8*
$BATMV,3622*
$GPGGA,042217.500,3850.6784,N,07704.5795,W,1,09,01.1,28.0,M,-34.0,M,0,0*69
$GPRMC,042217.500,A,3850.6784,N,07704.5795,W,000.1,085.3,030926,,,A*73
$HRFSSI,-52*
$RFMSGEND*
$RFMSGFROM,17157,35,111,0,0*
$DECOMPRESS,70*
$BAROALT,101658.50,26,-2.7*
$BATMV,3616*
$GPGGA,042218.500,3850.6782,N,07704.5795,W,1,09,01.1,27.3,M,-34.0,M,0,0*6C
$GPRMC,042218.500,A,3850.6782,N,07704.5795,W,000.1,085.3,030926,,,A*7A
$HRFSSI,-52*
$RFMSGEND*
$RFMSGFROM,17157,35,111,0,0*
$DECOMPRESS,70*
$BAROALT,101658.25,26,-2.7*
$BATMV,3616*
$GPGGA,042219.500,3850.6782,N,07704.5795,W,1,09,01.1,27.2,M,-34.0,M,0,0*6C
$GPRMC,042219.500,A,3850.6782,N,07704.5795,W,000.0,085.3,030926,,,A*7A
$HRFSSI,-52*
$RFMSGEND*
$RFMSGFROM,17157,35,111,0,0*
$DECOMPRESS,70*
$BAROALT,101659.75,26,-2.7*
$BATMV,3616*
$GPGGA,042220.500,3850.6782,N,07704.5795,W,1,09,01.1,27.1,M,-34.0,M,0,0*65
$GPRMC,042220.500,A,3850.6782,N,07704.5795,W,000.1,085.3,030926,,,A*71
$HRFSSI,-52*
$RFMSGEND*
$RFMSGFROM,17157,35,111,0,0*
$DECOMPRESS,70*
$BAROALT,101662.50,26,-2.7*
$BATMV,3616*
$GPGGA,042221.500,3850.6782,N,07704.5795,W,1,09,01.1,26.9,M,-34.0,M,0,0*6D
$GPRMC,042221.500,A,3850.6782,N,07704.5795,W,000.0,085.3,030926,,,A*71
$HRFSSI,-51*
$RFMSGEND*
$RFMSGFROM,17157,35,111,0,0*
$DECOMPRESS,70*
$BAROALT,101664.25,26,-2.8*
$BATMV,3616*
$GPGGA,042222.500,3850.6782,N,07704.5795,W,1,09,01.1,26.4,M,-34.0,M,0,0*63
$GPRMC,042222.500,A,3850.6782,N,07704.5795,W,000.0,085.3,030926,,,A*72
$HRFSSI,-52*
$RFMSGEND*
$RFMSGFROM,17157,35,111,0,0*
$DECOMPRESS,70*
$BAROALT,101660.50,26,-2.7*
$BATMV,3616*
$GPGGA,042223.500,3850.6782,N,07704.5795,W,1,09,01.1,26.1,M,-34.0,M,0,0*67
$GPRMC,042223.500,A,3850.6782,N,07704.5795,W,000.0,085.3,030926,,,A*73
$HRFSSI,-56*
$RFMSGEND*
$RFMSGFROM,17157,35,111,0,0*
$DECOMPRESS,70*
$BAROALT,101659.50,26,-2.7*
$BATMV,3616*
$GPGGA,042224.500,3850.6782,N,07704.5795,W,1,09,01.1,25.6,M,-34.0,M,0,0*64
$GPRMC,042224.500,A,3850.6782,N,07704.5795,W,000.0,085.3,030926,,,A*74
$HRFSSI,-55*
$RFMSGEND*
$RFMSGFROM,17157,35,111,0,0*
$DECOMPRESS,70*
$BAROALT,101658.25,26,-2.7*
$BATMV,3616*
$GPGGA,042225.500,3850.6782,N,07704.5800,W,1,08,01.1,25.4,M,-34.0,M,0,0*65
$GPRMC,042225.500,A,3850.6782,N,07704.5800,W,000.1,085.3,030926,,,A*77
$HRFSSI,-59*
$RFMSGEND*
$RFMSGFROM,17157,35,111,0,0*
$DECOMPRESS,70*
$BAROALT,101659.50,26,-2.7*
$BATMV,3616*
$GPGGA,042226.500,3850.6782,N,07704.5800,W,1,09,01.1,25.1,M,-34.0,M,0,0*62
$GPRMC,042226.500,A,3850.6782,N,07704.5800,W,000.0,085.3,030926,,,A*75
$HRFSSI,-56*
$RFMSGEND*
$RFMSGFROM,17157,35,111,0,0*
$DECOMPRESS,70*
$BAROALT,101661.25,26,-2.7*
$BATMV,3616*
$GPGGA,042227.500,3850.6779,N,07704.5800,W,1,09,01.1,24.6,M,-34.0,M,0,0*61
$GPRMC,042227.500,A,3850.6779,N,07704.5800,W,000.0,085.3,030926,,,A*70
$HRFSSI,-58*
$RFMSGEND*
$RFMSGFROM,17157,35,111,0,0*
$DECOMPRESS,70*
$BAROALT,101662.50,26,-2.7*
$BATMV,3616*
$GPGGA,042228.500,3850.6779,N,07704.5800,W,1,09,01.1,24.2,M,-34.0,M,0,0*6A
$GPRMC,042228.500,A,3850.6779,N,07704.5800,W,000.0,085.3,030926,,,A*7F
$HRFSSI,-61*
$RFMSGEND*
$RFMSGFROM,17157,35,111,0,0*
$DECOMPRESS,70*
$BAROALT,101660.75,26,-2.7*
$BATMV,3622*
$GPGGA,042229.500,3850.6777,N,07704.5800,W,1,09,01.1,23.3,M,-34.0,M,0,0*63
$GPRMC,042229.500,A,3850.6777,N,07704.5800,W,000.1,085.3,030926,,,A*71
$HRFSSI,-60*
$RFMSGEND*
$RFMSGFROM,17157,35,111,0,0*
$DECOMPRESS,70*
$BAROALT,101661.00,26,-2.7*
$BATMV,3622*
$GPGGA,042230.500,3850.6777,N,07704.5800,W,1,09,01.1,22.9,M,-34.0,M,0,0*60
$GPRMC,042230.500,A,3850.6777,N,07704.5800,W,000.1,085.3,030926,,,A*79
$HRFSSI,-61*
$RFMSGEND*
$RFMSGFROM,17157,35,111,0,0*
$DECOMPRESS,70*
$BAROALT,101659.75,26,-2.7*
$BATMV,3616*
$GPGGA,042231.500,3850.6777,N,07704.5800,W,1,09,01.1,22.6,M,-34.0,M,0,0*6E
$GPRMC,042231.500,A,3850.6777,N,07704.5800,W,000.1,085.3,030926,,,A*78
$HRFSSI,-61*
$RFMSGEND*
$RFMSGFROM,17157,35,111,0,0*
$DECOMPRESS,70*
$BAROALT,101661.00,26,-2.7*
$BATMV,3616*
$GPGGA,042232.500,3850.6777,N,07704.5800,W,1,09,01.1,22.2,M,-34.0,M,0,0*69
$GPRMC,042232.500,A,3850.6777,N,07704.5800,W,000.1,085.3,030926,,,A*7B
$HRFSSI,-60*
$RFMSGEND*
$RFMSGFROM,17157,35,111,0,0*
$DECOMPRESS,70*
$BAROALT,101663.75,26,-2.8*
$BATMV,3616*
$GPGGA,042233.500,3850.6777,N,07704.5800,W,1,09,01.1,21.9,M,-34.0,M,0,0*60
$GPRMC,042233.500,A,3850.6777,N,07704.5800,W,000.1,085.3,030926,,,A*7A
$HRFSSI,-59*
$RFMSGEND*
$RFMSGFROM,17157,35,111,0,0*
$DECOMPRESS,70*
$BAROALT,101663.50,26,-2.8*
$BATMV,3622*
$GPGGA,042234.500,3850.6774,N,07704.5800,W,1,09,01.1,20.9,M,-34.0,M,0,0*65
$GPRMC,042234.500,A,3850.6774,N,07704.5800,W,000.1,085.3,030926,,,A*7E
$HRFSSI,-60*
$RFMSGEND*
$RFMSGFROM,17157,35,111,0,0*
$DECOMPRESS,70*
$BAROALT,101664.75,26,-2.8*
$BATMV,3616*
$GPGGA,042235.500,3850.6772,N,07704.5800,W,1,09,01.1,20.2,M,-34.0,M,0,0*69
$GPRMC,042235.500,A,3850.6772,N,07704.5800,W,000.0,085.3,030926,,,A*78
$HRFSSI,-60*
$RFMSGEND*
$RFMSGFROM,17157,35,111,0,0*
$DECOMPRESS,70*
$BAROALT,101660.75,26,-2.7*
$BATMV,3616*
$GPGGA,042236.500,3850.6772,N,07704.5800,W,1,09,01.1,19.4,M,-34.0,M,0,0*66
$GPRMC,042236.500,A,3850.6772,N,07704.5800,W,000.0,085.3,030926,,,A*7B
$HRFSSI,-60*
$RFMSGEND*
$RFMSGFROM,17157,35,111,0,0*
$DECOMPRESS,70*
$BAROALT,101662.25,26,-2.7*
$BATMV,3616*
$GPGGA,042237.500,3850.6770,N,07704.5800,W,1,09,01.1,18.5,M,-34.0,M,0,0*65
$GPRMC,042237.500,A,3850.6770,N,07704.5800,W,000.0,085.3,030926,,,A*78
$HRFSSI,-61*
$RFMSGEND*
$RFMSGFROM,17157,35,111,0,0*
$DECOMPRESS,70*
$BAROALT,101662.25,26,-2.7*
$BATMV,3616*
$GPGGA,042238.500,3850.6770,N,07704.5800,W,1,09,01.1,17.8,M,-34.0,M,0,0*68
$GPRMC,042238.500,A,3850.6770,N,07704.5800,W,000.0,085.3,030926,,,A*77
$HRFSSI,-59*
$RFMSGEND*
$RFMSGFROM,17157,35,111,0,0*
$DECOMPRESS,70*
$BAROALT,101660.50,26,-2.7*
$BATMV,3616*
$GPGGA,042239.500,3850.6767,N,07704.5800,W,1,09,01.1,17.2,M,-34.0,M,0,0*65
$GPRMC,042239.500,A,3850.6767,N,07704.5800,W,000.0,085.3,030926,,,A*70
$HRFSSI,-60*
$RFMSGEND*
$RFMSGFROM,17157,35,111,0,0*
$DECOMPRESS,70*
$BAROALT,101661.00,26,-2.7*
$BATMV,3609*
$GPGGA,042240.500,3850.6767,N,07704.5800,W,1,09,01.1,16.7,M,-34.0,M,0,0*6F
$GPRMC,042240.500,A,3850.6767,N,07704.5800,W,000.0,085.3,030926,,,A*7E
$HRFSSI,-60*
$RFMSGEND*
$RFMSGFROM,17157,35,111,0,0*
$DECOMPRESS,70*
$BAROALT,101661.00,26,-2.7*
$BATMV,3616*
$GPGGA,042241.500,3850.6767,N,07704.5800,W,1,09,01.1,15.8,M,-34.0,M,0,0*62
$GPRMC,042241.500,A,3850.6767,N,07704.5800,W,000.0,085.3,030926,,,A*7F
$HRFSSI,-60*
$RFMSGEND*
$RFMSGFROM,17157,35,111,0,0*
$DECOMPRESS,70*
$BAROALT,101664.50,26,-2.8*
$BATMV,3616*
$GPGGA,042242.500,3850.6765,N,07704.5800,W,1,09,01.1,15.6,M,-34.0,M,0,0*6D
$GPRMC,042242.500,A,3850.6765,N,07704.5800,W,000.0,085.3,030926,,,A*7E
$HRFSSI,-60*
$RFMSGEND*
$RFMSGFROM,17157,35,111,0,0*
$DECOMPRESS,70*
$BAROALT,101662.25,26,-2.7*
$BATMV,3622*
$GPGGA,042243.500,3850.6765,N,07704.5800,W,1,09,01.1,15.3,M,-34.0,M,0,0*69
$GPRMC,042243.500,A,3850.6765,N,07704.5800,W,000.0,085.3,030926,,,A*7F
$HRFSSI,-61*
$RFMSGEND*
$RFMSGFROM,17157,35,111,0,0*
$DECOMPRESS,70*
$BAROALT,101664.00,26,-2.8*
$BATMV,3622*
$GPGGA,042244.500,3850.6765,N,07704.5800,W,1,09,01.1,14.6,M,-34.0,M,0,0*6A
$GPRMC,042244.500,A,3850.6765,N,07704.5800,W,000.0,085.3,030926,,,A*78
$HRFSSI,-61*
$RFMSGEND*
$RFMSGFROM,17157,35,111,0,0*
$DECOMPRESS,70*
$BAROALT,101665.00,26,-2.8*
$BATMV,3616*
$GPGGA,042245.500,3850.6762,N,07704.5800,W,1,09,01.1,13.8,M,-34.0,M,0,0*65
$GPRMC,042245.500,A,3850.6762,N,07704.5800,W,000.0,085.3,030926,,,A*7E
$HRFSSI,-60*
$RFMSGEND*
$RFMSGFROM,17157,35,111,0,0*
$DECOMPRESS,70*
$BAROALT,101660.75,26,-2.7*
$BATMV,3616*
$GPGGA,042246.500,3850.6762,N,07704.5800,W,1,09,01.1,13.4,M,-34.0,M,0,0*6A
$GPRMC,042246.500,A,3850.6762,N,07704.5800,W,000.0,085.3,030926,,,A*7D
$HRFSSI,-60*
$RFMSGEND*
$RFMSGFROM,17157,35,111,0,0*
$DECOMPRESS,70*
$BAROALT,101660.75,26,-2.7*
$BATMV,3616*
$GPGGA,042247.500,3850.6762,N,07704.5800,W,1,09,01.1,13.1,M,-34.0,M,0,0*6E
$GPRMC,042247.500,A,3850.6762,N,07704.5800,W,000.0,085.3,030926,,,A*7C
$HRFSSI,-60*
$RFMSGEND*
$RFMSGFROM,17157,35,111,0,0*
$DECOMPRESS,70*
$BAROALT,101661.75,26,-2.7*
$BATMV,3622*
$GPGGA,042248.500,3850.6762,N,07704.5805,W,1,09,01.1,12.8,M,-34.0,M,0,0*6C
$GPRMC,042248.500,A,3850.6762,N,07704.5805,W,000.0,085.3,030926,,,A*76
$HRFSSI,-61*
$RFMSGEND*
$RFMSGFROM,17157,35,111,0,0*
$DECOMPRESS,70*
$BAROALT,101659.00,26,-2.7*
$BATMV,3622*
$GPGGA,042249.500,3850.6762,N,07704.5805,W,1,09,01.1,12.4,M,-34.0,M,0,0*61
$GPRMC,042249.500,A,3850.6762,N,07704.5805,W,000.0,085.3,030926,,,A*77
$HRFSSI,-60*
$RFMSGEND*
$RFMSGFROM,17157,35,111,0,0*
$DECOMPRESS,70*
$BAROALT,101661.75,26,-2.7*
$BATMV,3616*
$GPGGA,042250.500,3850.6760,N,07704.5805,W,1,09,01.1,12.0,M,-34.0,M,0,0*6F
$GPRMC,042250.500,A,3850.6760,N,07704.5805,W,000.0,085.3,030926,,,A*7D
$HRFSSI,-60*
$RFMSGEND*
$RFMSGFROM,17157,35,111,0,0*
$DECOMPRESS,70*
$BAROALT,101660.25,26,-2.7*
$BATMV,3616*
$GPGGA,042251.500,3850.6760,N,07704.5805,W,1,09,01.1,11.7,M,-34.0,M,0,0*6A
$GPRMC,042251.500,A,3850.6760,N,07704.5805,W,000.0,085.3,030926,,,A*7C
$HRFSSI,-55*
$RFMSGEND*
$RFMSGFROM,17157,35,111,0,0*
$DECOMPRESS,70*
$BAROALT,101663.00,26,-2.8*
$BATMV,3622*
$GPGGA,042252.500,3850.6760,N,07704.5805,W,1,09,01.1,11.2,M,-34.0,M,0,0*6C
$GPRMC,042252.500,A,3850.6760,N,07704.5805,W,000.0,085.3,030926,,,A*7F
$HRFSSI,-56*
$RFMSGEND*
$RFMSGFROM,17157,35,111,0,0*
$DECOMPRESS,70*
$BAROALT,101661.25,26,-2.7*
$BATMV,3616*
$GPGGA,042253.500,3850.6760,N,07704.5805,W,1,09,01.1,10.3,M,-34.0,M,0,0*6D
$GPRMC,042253.500,A,3850.6760,N,07704.5805,W,000.2,085.3,030926,,,A*7C
$HRFSSI,-55*
$RFMSGEND*
$RFMSGFROM,17157,35,111,0,0*
$DECOMPRESS,70*
$BAROALT,101661.75,26,-2.7*
$BATMV,3616*
$GPGGA,042254.500,3850.6757,N,07704.5805,W,1,09,01.1,09.4,M,-34.0,M,0,0*61
$GPRMC,042254.500,A,3850.6757,N,07704.5805,W,000.2,085.3,030926,,,A*7F
$HRFSSI,-55*
$RFMSGEND*
$RFMSGFROM,17157,35,111,0,0*
$DECOMPRESS,70*
$BAROALT,101663.50,26,-2.8*
$BATMV,3616*
$GPGGA,042255.500,3850.6757,N,07704.5805,W,1,09,01.1,08.6,M,-34.0,M,0,0*63
$GPRMC,042255.500,A,3850.6757,N,07704.5805,W,000.0,085.3,030926,,,A*7C
$HRFSSI,-55*
$RFMSGEND*
$RFMSGFROM,17157,35,111,0,0*
$DECOMPRESS,70*
$BAROALT,101665.00,26,-2.8*
$BATMV,3616*
$GPGGA,042256.500,3850.6755,N,07704.5805,W,1,09,01.1,07.7,M,-34.0,M,0,0*6C
$GPRMC,042256.500,A,3850.6755,N,07704.5805,W,000.0,085.3,030926,,,A*7D
$HRFSSI,-54*
$RFMSGEND*
$RFMSGFROM,17157,35,111,0,0*
$DECOMPRESS,70*
$BAROALT,101660.75,26,-2.7*
$BATMV,3616*
$GPGGA,042257.500,3850.6752,N,07704.5805,W,1,09,01.1,06.7,M,-34.0,M,0,0*6B
$GPRMC,042257.500,A,3850.6752,N,07704.5805,W,000.1,085.3,030926,,,A*7A
$HRFSSI,-55*
$RFMSGEND*
$RFMSGFROM,17157,35,111,0,0*
$DECOMPRESS,70*
$BAROALT,101661.75,26,-2.7*
$BATMV,3616*
$GPGGA,042258.500,3850.6752,N,07704.5805,W,1,09,01.1,05.9,M,-34.0,M,0,0*69
$GPRMC,042258.500,A,3850.6752,N,07704.5805,W,000.0,085.3,030926,,,A*74
$HRFSSI,-55*
$RFMSGEND*
$RFMSGFROM,17157,35,111,0,0*
$DECOMPRESS,70*
$BAROALT,101660.50,26,-2.7*
$BATMV,3616*
$GPGGA,042259.500,3850.6750,N,07704.5805,W,1,08,01.1,05.0,M,-34.0,M,0,0*62
$GPRMC,042259.500,A,3850.6750,N,07704.5805,W,000.2,085.3,030926,,,A*75
$HRFSSI,-55*
$RFMSGEND*
$RFMSGFROM,17157,35,111,0,0*
$DECOMPRESS,70*
$BAROALT,101662.00,26,-2.7*
$BATMV,3616*
$GPGGA,042300.500,3850.6750,N,07704.5805,W,1,09,01.1,04.6,M,-34.0,M,0,0*69
$GPRMC,042300.500,A,3850.6750,N,07704.5805,W,000.0,085.3,030926,,,A*7A
$HRFSSI,-55*
$RFMSGEND*
$RFMSGFROM,17157,35,111,0,0*
$DECOMPRESS,70*
$BAROALT,101664.50,26,-2.8*
$BATMV,3609*
$GPGGA,042301.500,3850.6748,N,07704.5805,W,1,09,01.1,04.1,M,-34.0,M,0,0*66
$GPRMC,042301.500,A,3850.6748,N,07704.5805,W,000.0,085.3,030926,,,A*72
$HRFSSI,-55*
$RFMSGEND*
$RFMSGFROM,17157,35,111,0,0*
$DECOMPRESS,70*
$BAROALT,101665.75,26,-2.8*
$BATMV,3616*
$GPGGA,042302.500,3850.6748,N,07704.5805,W,1,09,01.1,03.6,M,-34.0,M,0,0*65
$GPRMC,042302.500,A,3850.6748,N,07704.5805,W,000.0,085.3,030926,,,A*71
$HRFSSI,-55*
$RFMSGEND*
$RFMSGFROM,17157,35,111,0,0*
$DECOMPRESS,70*
$BAROALT,101664.25,26,-2.8*
$BATMV,3616*
$GPGGA,042303.500,3850.6748,N,07704.5805,W,1,09,01.1,03.2,M,-34.0,M,0,0*60
$GPRMC,042303.500,A,3850.6748,N,07704.5805,W,000.1,085.3,030926,,,A*71
$HRFSSI,-55*
$RFMSGEND*
$RFMSGFROM,17157,35,111,0,0*
$DECOMPRESS,70*
$BAROALT,101665.00,26,-2.8*
$BATMV,3616*
$GPGGA,042304.500,3850.6748,N,07704.5805,W,1,09,01.1,02.9,M,-34.0,M,0,0*6D
$GPRMC,042304.500,A,3850.6748,N,07704.5805,W,000.1,085.3,030926,,,A*76
$HRFSSI,-55*
$RFMSGEND*
$RFMSGFROM,17157,35,111,0,0*
$DECOMPRESS,70*
$BAROALT,101660.75,26,-2.7*
$BATMV,3616*
$GPGGA,042305.500,3850.6745,N,07704.5810,W,1,09,01.1,02.5,M,-34.0,M,0,0*69
$GPRMC,042305.500,A,3850.6745,N,07704.5810,W,000.0,085.3,030926,,,A*7F
$HRFSSI,-55*
$RFMSGEND*
$RFMSGFROM,17157,35,111,0,0*
$DECOMPRESS,70*
$BAROALT,101663.75,26,-2.8*
$BATMV,3616*
$GPGGA,042306.500,3850.6745,N,07704.5810,W,1,09,01.1,02.1,M,-34.0,M,0,0*6E
$GPRMC,042306.500,A,3850.6745,N,07704.5810,W,000.0,085.3,030926,,,A*7C
$HRFSSI,-55*
$RFMSGEND*
$RFMSGFROM,17157,35,111,0,0*
$DECOMPRESS,70*
$BAROALT,101663.25,26,-2.8*
$BATMV,3622*
$GPGGA,042307.500,3850.6745,N,07704.5810,W,1,09,01.1,01.7,M,-34.0,M,0,0*6A
$GPRMC,042307.500,A,3850.6745,N,07704.5810,W,000.0,085.3,030926,,,A*7D
$HRFSSI,-55*
$RFMSGEND*
$RFMSGFROM,17157,35,111,0,0*
$DECOMPRESS,70*
$BAROALT,101659.25,26,-2.7*
$BATMV,3616*
$GPGGA,042308.500,3850.6745,N,07704.5810,W,1,09,01.1,01.6,M,-34.0,M,0,0*64
$GPRMC,042308.500,A,3850.6745,N,07704.5810,W,000.1,085.3,030926,,,A*73
$HRFSSI,-55*
$RFMSGEND*
$RFMSGFROM,17157,35,111,0,0*
$DECOMPRESS,70*
$BAROALT,101663.75,26,-2.8*
$BATMV,3616*
$GPGGA,042309.500,3850.6745,N,07704.5810,W,1,09,01.1,01.2,M,-34.0,M,0,0*61
$GPRMC,042309.500,A,3850.6745,N,07704.5810,W,000.1,085.3,030926,,,A*72
$HRFSSI,-54*
$RFMSGEND*
$RFMSGFROM,17157,35,111,0,0*
$DECOMPRESS,70*
$BAROALT,101664.25,26,-2.8*
$BATMV,3616*
$GPGGA,042310.500,3850.6745,N,07704.5810,W,1,09,01.1,01.3,M,-34.0,M,0,0*68
$GPRMC,042310.500,A,3850.6745,N,07704.5810,W,000.1,085.3,030926,,,A*7A
$HRFSSI,-55*
$RFMSGEND*
$RFMSGFROM,17157,35,111,0,0*
$DECOMPRESS,70*
$BAROALT,101663.50,26,-2.8*
$BATMV,3616*
$GPGGA,042311.500,3850.6745,N,07704.5810,W,1,09,01.1,00.8,M,-34.0,M,0,0*63
$GPRMC,042311.500,A,3850.6745,N,07704.5810,W,000.0,085.3,030926,,,A*7A
$HRFSSI,-55*
$RFMSGEND*
$RFMSGFROM,17157,35,111,0,0*
$DECOMPRESS,70*
$BAROALT,101667.25,26,-2.8*
$BATMV,3622*
$GPGGA,042312.500,3850.6745,N,07704.5810,W,1,09,01.1,00.7,M,-34.0,M,0,0*6F
$GPRMC,042312.500,A,3850.6745,N,07704.5810,W,000.1,085.3,030926,,,A*78
$HRFSSI,-55*
$RFMSGEND*
$RFMSGFROM,17157,35,111,0,0*
$DECOMPRESS,70*
$BAROALT,101659.50,26,-2.7*
$BATMV,3616*
$GPGGA,042313.500,3850.6743,N,07704.5810,W,1,09,01.1,00.3,M,-34.0,M,0,0*6C
$GPRMC,042313.500,A,3850.6743,N,07704.5810,W,000.3,085.3,030926,,,A*7D
$HRFSSI,-55*
$RFMSGEND*
$RFMSGFROM,17157,35,111,0,0*
$DECOMPRESS,70*
$BAROALT,101661.75,26,-2.7*
$BATMV,3622*
$GPGGA,042314.500,3850.6743,N,07704.5810,W,1,09,01.1,00.0,M,-34.0,M,0,0*68
$GPRMC,042314.500,A,3850.6743,N,07704.5810,W,000.1,085.3,030926,,,A*78
$HRFSSI,-55*
$RFMSGEND*
$RFMSGFROM,17157,35,111,0,0*
$DECOMPRESS,70*
$BAROALT,101663.50,26,-2.8*
$BATMV,3616*
$GPGGA,042315.500,3850.6743,N,07704.5810,W,1,09,01.1,00.4,M,-34.0,M,0,0*6D
$GPRMC,042315.500,A,3850.6743,N,07704.5810,W,000.1,085.3,030926,,,A*79
$HRFSSI,-55*
$RFMSGEND*
$RFMSGFROM,17157,35,111,0,0*
$DECOMPRESS,70*
$BAROALT,101658.00,26,-2.7*
$BATMV,3622*
$GPGGA,042316.500,3850.6743,N,07704.5810,W,1,09,01.1,00.3,M,-34.0,M,0,0*69
$GPRMC,042316.500,A,3850.6743,N,07704.5810,W,000.0,085.3,030926,,,A*7B
$HRFSSI,-52*
$RFMSGEND*
$RFMSGFROM,17157,35,111,0,0*
$DECOMPRESS,70*
$BAROALT,101663.75,26,-2.8*
$BATMV,3616*
$GPGGA,042317.500,3850.6743,N,07704.5810,W,1,09,01.1,00.5,M,-34.0,M,0,0*6E
$GPRMC,042317.500,A,3850.6743,N,07704.5810,W,000.2,085.3,030926,,,A*78
$HRFSSI,-55*
$RFMSGEND*
$RFMSGFROM,17157,35,111,0,0*
$DECOMPRESS,70*
$BAROALT,101661.50,26,-2.7*
$BATMV,3616*
$GPGGA,042318.500,3850.6743,N,07704.5810,W,1,09,01.1,00.8,M,-34.0,M,0,0*6C
$GPRMC,042318.500,A,3850.6743,N,07704.5810,W,000.0,085.3,030926,,,A*75
$HRFSSI,-53*
$RFMSGEND*
$RFMSGFROM,17157,35,111,0,0*
$DECOMPRESS,70*
$BAROALT,101660.00,26,-2.7*
$BATMV,3616*
$GPGGA,042319.500,3850.6743,N,07704.5810,W,1,09,01.1,-1.4,M,-34.0,M,0,0*7D
$GPRMC,042319.500,A,3850.6743,N,07704.5810,W,000.1,085.3,030926,,,A*75
$HRFSSI,-53*
$RFMSGEND*
$RFMSGFROM,17157,35,111,0,0*
$DECOMPRESS,70*
$BAROALT,101659.75,26,-2.7*
$BATMV,3616*
$GPGGA,042320.500,3850.6743,N,07704.5810,W,1,09,01.1,-1.5,M,-34.0,M,0,0*76
$GPRMC,042320.500,A,3850.6743,N,07704.5810,W,000.0,085.3,030926,,,A*7E
$HRFSSI,-52*
$RFMSGEND*
$RFMSGFROM,17157,35,111,0,0*
$DECOMPRESS,70*
$BAROALT,101662.50,26,-2.7*
$BATMV,3616*
$GPGGA,042321.500,3850.6743,N,07704.5810,W,1,09,01.1,-1.7,M,-34.0,M,0,0*75
$GPRMC,042321.500,A,3850.6743,N,07704.5810,W,000.1,085.3,030926,,,A*7E
$HRFSSI,-56*
$RFMSGEND*
$RFMSGFROM,17157,35,111,0,0*
$DECOMPRESS,70*
$BAROALT,101664.00,26,-2.8*
$BATMV,3616*
$GPGGA,042322.500,3850.6743,N,07704.5810,W,1,09,01.1,-1.7,M,-34.0,M,0,0*76
$GPRMC,042322.500,A,3850.6743,N,07704.5810,W,000.0,085.3,030926,,,A*7C
$HRFSSI,-55*
$RFMSGEND*
$RFMSGFROM,17157,35,111,0,0*
$DECOMPRESS,70*
$BAROALT,101659.75,26,-2.7*
$BATMV,3616*
$GPGGA,042323.500,3850.6743,N,07704.5810,W,1,09,01.1,-1.8,M,-34.0,M,0,0*78
$GPRMC,042323.500,A,3850.6743,N,07704.5810,W,000.1,085.3,030926,,,A*7C
$HRFSSI,-55*
$RFMSGEND*
$RFMSGFROM,17157,35,111,0,0*
$DECOMPRESS,70*
$BAROALT,101661.50,26,-2.7*
$BATMV,3616*
$GPGGA,042324.500,3850.6740,N,07704.5810,W,1,09,01.1,-1.8,M,-34.0,M,0,0*7C
$GPRMC,042324.500,A,3850.6740,N,07704.5810,W,000.0,085.3,030926,,,A*79
$HRFSSI,-55*
$RFMSGEND*
$RFMSGFROM,17157,35,111,0,0*
$DECOMPRESS,70*
$BAROALT,101662.25,26,-2.7*
$BATMV,3616*
$GPGGA,042325.500,3850.6740,N,07704.5810,W,1,09,01.1,-2.1,M,-34.0,M,0,0*77
$GPRMC,042325.500,A,3850.6740,N,07704.5810,W,000.0,085.3,030926,,,A*78
$HRFSSI,-56*
$RFMSGEND*
$RFMSGFROM,17157,35,111,0,0*
$DECOMPRESS,70*
$BAROALT,101661.00,26,-2.7*
$BATMV,3616*
$GPGGA,042326.500,3850.6740,N,07704.5810,W,1,09,01.1,-2.3,M,-34.0,M,0,0*76
$GPRMC,042326.500,A,3850.6740,N,07704.5810,W,000.1,085.3,030926,,,A*7A
$HRFSSI,-55*
$RFMSGEND*
$RFMSGFROM,17157,35,111,0,0*
$DECOMPRESS,70*
$BAROALT,101664.75,26,-2.8*
$BATMV,3616*
$GPGGA,042327.500,3850.6740,N,07704.5810,W,1,09,01.1,-2.1,M,-34.0,M,0,0*75
$GPRMC,042327.500,A,3850.6740,N,07704.5810,W,000.1,085.3,030926,,,A*7B
$HRFSSI,-55*
$RFMSGEND*
$RFMSGFROM,17157,35,111,0,0*
$DECOMPRESS,70*
$BAROALT,101661.50,26,-2.7*
$BATMV,3616*
$GPGGA,042328.500,3850.6740,N,07704.5810,W,1,09,01.1,-2.4,M,-34.0,M,0,0*7F
$GPRMC,042328.500,A,3850.6740,N,07704.5810,W,000.1,085.3,030926,,,A*74
$HRFSSI,-58*
$RFMSGEND*
$RFMSGFROM,17157,35,111,0,0*
$DECOMPRESS,70*
$BAROALT,101663.00,26,-2.8*
$BATMV,3616*
$GPGGA,042329.500,3850.6740,N,07704.5810,W,1,09,01.1,-2.5,M,-34.0,M,0,0*7F
$GPRMC,042329.500,A,3850.6740,N,07704.5810,W,000.0,085.3,030926,,,A*74
$HRFSSI,-60*
$RFMSGEND*
$RFMSGFROM,17157,35,111,0,0*
$DECOMPRESS,70*
$BAROALT,101660.25,26,-2.7*
$BATMV,3616*
$GPGGA,042330.500,3850.6740,N,07704.5810,W,1,09,01.1,-2.7,M,-34.0,M,0,0*75
$GPRMC,042330.500,A,3850.6740,N,07704.5810,W,000.0,085.3,030926,,,A*7C
$HRFSSI,-60*
$RFMSGEND*
$RFMSGFROM,17157,35,111,0,0*
$DECOMPRESS,70*
$BAROALT,101661.50,26,-2.7*
$BATMV,3616*
$GPGGA,042331.500,3850.6738,N,07704.5810,W,1,09,01.1,-3.0,M,-34.0,M,0,0*7D
$GPRMC,042331.500,A,3850.6738,N,07704.5810,W,000.0,085.3,030926,,,A*72
$HRFSSI,-58*
$RFMSGEND*
$RFMSGFROM,17157,35,111,0,0*
$DECOMPRESS,70*
$BAROALT,101659.50,26,-2.7*
$BATMV,3616*
$GPGGA,042332.500,3850.6738,N,07704.5810,W,1,09,01.1,-3.4,M,-34.0,M,0,0*7A
$GPRMC,042332.500,A,3850.6738,N,07704.5810,W,000.0,085.3,030926,,,A*71
$HRFSSI,-57*
$RFMSGEND*
$RFMSGFROM,17157,35,111,0,0*
$DECOMPRESS,70*
$BAROALT,101662.75,26,-2.7*
$BATMV,3616*
$GPGGA,042333.500,3850.6735,N,07704.5810,W,1,09,01.1,-3.8,M,-34.0,M,0,0*7A
$GPRMC,042333.500,A,3850.6735,N,07704.5810,W,000.0,085.3,030926,,,A*7D
$HRFSSI,-58*
$RFMSGEND*
$RFMSGFROM,17157,35,111,0,0*
$DECOMPRESS,70*
$BAROALT,101660.75,26,-2.7*
$BATMV,3616*
$GPGGA,042334.500,3850.6735,N,07704.5810,W,1,09,01.1,-4.1,M,-34.0,M,0,0*73
$GPRMC,042334.500,A,3850.6735,N,07704.5810,W,000.0,085.3,030926,,,A*7A
$HRFSSI,-58*
$RFMSGEND*
$RFMSGFROM,17157,35,111,0,0*
$DECOMPRESS,70*
$BAROALT,101663.00,26,-2.8*
$BATMV,3616*
$GPGGA,042335.500,3850.6735,N,07704.5810,W,1,09,01.1,-4.1,M,-34.0,M,0,0*72
$GPRMC,042335.500,A,3850.6735,N,07704.5810,W,000.0,085.3,030926,,,A*7B
$HRFSSI,-59*
$RFMSGEND*
$RFMSGFROM,17157,35,111,0,0*
$DECOMPRESS,70*
$BAROALT,101661.25,26,-2.7*
$BATMV,3616*
$GPGGA,042336.500,3850.6735,N,07704.5815,W,1,09,01.1,-4.0,M,-34.0,M,0,0*75
$GPRMC,042336.500,A,3850.6735,N,07704.5815,W,000.0,085.3,030926,,,A*7D
$HRFSSI,-59*
$RFMSGEND*
$RFMSGFROM,17157,35,111,0,0*
$DECOMPRESS,70*
$BAROALT,101662.00,26,-2.7*
$BATMV,3616*
$GPGGA,042337.500,3850.6735,N,07704.5815,W,1,09,01.1,-4.2,M,-34.0,M,0,0*76
$GPRMC,042337.500,A,3850.6735,N,07704.5815,W,000.0,085.3,030926,,,A*7C
$HRFSSI,-59*
$RFMSGEND*
$RFMSGFROM,17157,35,111,0,0*
$DECOMPRESS,70*
$BAROALT,101660.25,26,-2.7*
$BATMV,3616*
$GPGGA,042338.500,3850.6735,N,07704.5815,W,1,09,01.1,-4.4,M,-34.0,M,0,0*7F
$GPRMC,042338.500,A,3850.6735,N,07704.5815,W,000.1,085.3,030926,,,A*72
$HRFSSI,-58*
$RFMSGEND*
$RFMSGFROM,17157,35,111,0,0*
$DECOMPRESS,70*
$BAROALT,101660.50,26,-2.7*
$BATMV,3616*
$GPGGA,042339.500,3850.6735,N,07704.5815,W,1,09,01.1,-4.4,M,-34.0,M,0,0*7E
$GPRMC,042339.500,A,3850.6735,N,07704.5815,W,000.0,085.3,030926,,,A*72
$HRFSSI,-58*
$RFMSGEND*
$RFMSGFROM,17157,35,111,0,0*
$DECOMPRESS,70*
$BAROALT,101662.50,26,-2.7*
$BATMV,3609*
$GPGGA,042340.500,3850.6735,N,07704.5815,W,1,09,01.1,-4.4,M,-34.0,M,0,0*70
$GPRMC,042340.500,A,3850.6735,N,07704.5815,W,000.0,085.3,030926,,,A*7C
$HRFSSI,-58*
$RFMSGEND*
$RFMSGFROM,17157,35,111,0,0*
$DECOMPRESS,70*
$BAROALT,101661.75,26,-2.7*
$BATMV,3616*
$GPGGA,042341.500,3850.6735,N,07704.5815,W,1,09,01.7,-4.5,M,-34.0,M,0,0*76
$GPRMC,042341.500,A,3850.6735,N,07704.5815,W,000.1,085.3,030926,,,A*7C
$HRFSSI,-58*
$RFMSGEND*
$RFMSGFROM,17157,35,111,0,0*
$DECOMPRESS,70*
$BAROALT,101661.75,26,-2.7*
$BATMV,3616*
$GPGGA,042342.500,3850.6735,N,07704.5815,W,1,08,01.7,-4.4,M,-34.0,M,0,0*75
$GPRMC,042342.500,A,3850.6735,N,07704.5815,W,000.0,085.3,030926,,,A*7E
$HRFSSI,-58*
$RFMSGEND*
$RFMSGFROM,17157,35,111,0,0*
$DECOMPRESS,70*
$BAROALT,101662.50,26,-2.7*
$BATMV,3609*
$GPGGA,042343.500,3850.6735,N,07704.5815,W,1,08,01.7,-4.3,M,-34.0,M,0,0*73
$GPRMC,042343.500,A,3850.6735,N,07704.5815,W,000.0,085.3,030926,,,A*7F
$HRFSSI,-59*
$RFMSGEND*
$RFMSGFROM,17157,35,111,0,0*
$DECOMPRESS,70*
$BAROALT,101661.50,26,-2.7*
$BATMV,3616*
$GPGGA,042344.500,3850.6735,N,07704.5815,W,1,08,01.7,-4.1,M,-34.0,M,0,0*76
$GPRMC,042344.500,A,3850.6735,N,07704.5815,W,000.0,085.3,030926,,,A*78
$HRFSSI,-59*
$RFMSGEND*
$RFMSGFROM,17157,35,111,0,0*
$DECOMPRESS,70*
$BAROALT,101661.50,26,-2.7*
$BATMV,3616*
$GPGGA,042345.500,3850.6735,N,07704.5815,W,1,08,01.7,-3.9,M,-34.0,M,0,0*78
$GPRMC,042345.500,A,3850.6735,N,07704.5815,W,000.1,085.3,030926,,,A*78
$HRFSSI,-59*
$RFMSGEND*
$RFMSGFROM,17157,35,111,0,0*
$DECOMPRESS,70*
$BAROALT,101663.00,26,-2.8*
$BATMV,3616*
$GPGGA,042346.500,3850.6738,N,07704.5815,W,1,08,01.7,-3.6,M,-34.0,M,0,0*79
$GPRMC,042346.500,A,3850.6738,N,07704.5815,W,000.0,085.3,030926,,,A*77
$HRFSSI,-57*
$RFMSGEND*
$RFMSGFROM,17157,35,111,0,0*
$DECOMPRESS,70*
$BAROALT,101661.25,26,-2.7*
$BATMV,3616*
$GPGGA,042347.500,3850.6738,N,07704.5820,W,1,08,01.7,-3.3,M,-34.0,M,0,0*7B
$GPRMC,042347.500,A,3850.6738,N,07704.5820,W,000.0,085.3,030926,,,A*70
$HRFSSI,-58*
$RFMSGEND*
$RFMSGFROM,17157,35,111,0,0*
$DECOMPRESS,70*
$BAROALT,101661.00,26,-2.7*
$BATMV,3616*
$GPGGA,042348.500,3850.6738,N,07704.5820,W,1,08,01.7,-2.9,M,-34.0,M,0,0*7F
$GPRMC,042348.500,A,3850.6738,N,07704.5820,W,000.0,085.3,030926,,,A*7F
$HRFSSI,-58*
$RFMSGEND*
$RFMSGFROM,17157,35,111,0,0*
$DECOMPRESS,70*
$BAROALT,101661.50,26,-2.7*
$BATMV,3616*
$GPGGA,042349.500,3850.6740,N,07704.5820,W,1,08,01.7,-2.5,M,-34.0,M,0,0*7D
$GPRMC,042349.500,A,3850.6740,N,07704.5820,W,000.0,085.3,030926,,,A*71
$HRFSSI,-57*
$RFMSGEND*
$RFMSGFROM,17157,35,111,0,0*
$DECOMPRESS,70*
$BAROALT,101660.00,26,-2.7*
$BATMV,3616*
$GPGGA,042350.500,3850.6740,N,07704.5820,W,1,08,01.7,-2.0,M,-34.0,M,0,0*70
$GPRMC,042350.500,A,3850.6740,N,07704.5820,W,000.0,085.3,030926,,,A*79
$HRFSSI,-56*
$RFMSGEND*
$RFMSGFROM,17157,35,111,0,0*
$DECOMPRESS,70*
$BAROALT,101666.00,26,-2.8*
$BATMV,3616*
$GPGGA,042351.500,3850.6743,N,07704.5820,W,1,08,01.7,-1.5,M,-34.0,M,0,0*74
$GPRMC,042351.500,A,3850.6743,N,07704.5820,W,000.0,085.3,030926,,,A*7B
$HRFSSI,-58*
$RFMSGEND*
$RFMSGFROM,17157,35,111,0,0*
$DECOMPRESS,70*
$BAROALT,101660.75,26,-2.7*
$BATMV,3616*
$GPGGA,042352.500,3850.6743,N,07704.5820,W,1,08,01.7,00.9,M,-34.0,M,0,0*67
$GPRMC,042352.500,A,3850.6743,N,07704.5820,W,000.0,085.3,030926,,,A*78
$HRFSSI,-57*
$RFMSGEND*
$RFMSGFROM,17157,35,111,0,0*
$DECOMPRESS,70*
$BAROALT,101659.00,26,-2.7*
$BATMV,3616*
$GPGGA,042353.500,3850.6743,N,07704.5820,W,1,08,01.7,00.4,M,-34.0,M,0,0*6B
$GPRMC,042353.500,A,3850.6743,N,07704.5820,W,000.1,085.3,030926,,,A*78
$HRFSSI,-55*
$RFMSGEND*
$RFMSGFROM,17157,35,111,0,0*
$DECOMPRESS,70*
$BAROALT,101664.25,26,-2.8*
$BATMV,3616*
$GPGGA,042354.500,3850.6745,N,07704.5820,W,1,08,01.7,00.1,M,-34.0,M,0,0*6F
$GPRMC,042354.500,A,3850.6745,N,07704.5820,W,000.1,085.3,030926,,,A*79
$HRFSSI,-56*
$RFMSGEND*
$RFMSGFROM,17157,35,111,0,0*
$DECOMPRESS,70*
$BAROALT,101662.75,26,-2.7*
$BATMV,3616*
$GPGGA,042355.500,3850.6745,N,07704.5820,W,1,08,01.7,00.7,M,-34.0,M,0,0*68
$GPRMC,042355.500,A,3850.6745,N,07704.5820,W,000.0,085.3,030926,,,A*79
$HRFSSI,-56*
$RFMSGEND*
$RFMSGFROM,17157,35,111,0,0*
$DECOMPRESS,70*
$BAROALT,101660.25,26,-2.7*
$BATMV,3609*
$GPGGA,042356.500,3850.6748,N,07704.5820,W,1,08,01.7,01.2,M,-34.0,M,0,0*62
$GPRMC,042356.500,A,3850.6748,N,07704.5820,W,000.0,085.3,030926,,,A*77
$HRFSSI,-56*
$RFMSGEND*
$RFMSGFROM,17157,35,111,0,0*
$DECOMPRESS,70*
$BAROALT,101661.25,26,-2.7*
$BATMV,3616*
$GPGGA,042357.500,3850.6750,N,07704.5820,W,1,08,01.7,01.8,M,-34.0,M,0,0*60
$GPRMC,042357.500,A,3850.6750,N,07704.5820,W,000.0,085.3,030926,,,A*7F
$HRFSSI,-56*
$RFMSGEND*
$RFMSGFROM,17157,35,111,0,0*
$DECOMPRESS,70*
$BAROALT,101662.25,26,-2.7*
$BATMV,3622*
$GPGGA,042358.500,3850.6750,N,07704.5820,W,1,08,01.7,02.3,M,-34.0,M,0,0*67
$GPRMC,042358.500,A,3850.6750,N,07704.5820,W,000.0,085.3,030926,,,A*70
$HRFSSI,-55*
$RFMSGEND*
$RFMSGFROM,17157,35,111,0,0*
$DECOMPRESS,70*
$BAROALT,101663.25,26,-2.8*
$BATMV,3616*
$GPGGA,042359.500,3850.6752,N,07704.5820,W,1,08,01.7,02.8,M,-34.0,M,0,0*6F
$GPRMC,042359.500,A,3850.6752,N,07704.5820,W,000.1,085.3,030926,,,A*72
$HRFSSI,-54*
$RFMSGEND*
$RFMSGFROM,17157,35,111,0,0*
$DECOMPRESS,70*
$BAROALT,101663.00,26,-2.8*
$BATMV,3616*
$GPGGA,042400.500,3850.6755,N,07704.5820,W,1,08,01.7,03.6,M,-34.0,M,0,0*6C
$GPRMC,042400.500,A,3850.6755,N,07704.5820,W,000.0,085.3,030926,,,A*7F
$HRFSSI,-55*
$RFMSGEND*
$RFMSGFROM,17157,35,111,0,0*
$DECOMPRESS,70*
$BAROALT,101661.00,26,-2.7*
$BATMV,3616*
$GPGGA,042401.500,3850.6757,N,07704.5820,W,1,08,01.7,04.5,M,-34.0,M,0,0*6B
$GPRMC,042401.500,A,3850.6757,N,07704.5820,W,000.0,085.3,030926,,,A*7C
$HRFSSI,-55*
$RFMSGEND*
$RFMSGFROM,17157,35,111,0,0*
$DECOMPRESS,70*
$BAROALT,101663.75,26,-2.8*
$BATMV,3616*
$GPGGA,042402.500,3850.6760,N,07704.5820,W,1,08,01.7,05.4,M,-34.0,M,0,0*6C
$GPRMC,042402.500,A,3850.6760,N,07704.5820,W,000.2,085.3,030926,,,A*79
$HRFSSI,-54*
$RFMSGEND*
$RFMSGFROM,17157,35,111,0,0*
$DECOMPRESS,70*
$BAROALT,101658.25,26,-2.7*
$BATMV,3616*
$GPGGA,042403.500,3850.6760,N,07704.5820,W,1,08,01.7,06.1,M,-34.0,M,0,0*6B
$GPRMC,042403.500,A,3850.6760,N,07704.5820,W,000.1,085.3,030926,,,A*7B
$HRFSSI,-54*
$RFMSGEND*
$RFMSGFROM,17157,35,111,0,0*
$DECOMPRESS,70*
$BAROALT,101660.75,26,-2.7*
$BATMV,3616*
$GPGGA,042404.500,3850.6762,N,07704.5820,W,1,08,01.7,06.8,M,-34.0,M,0,0*67
$GPRMC,042404.500,A,3850.6762,N,07704.5820,W,000.1,085.3,030926,,,A*7E
$HRFSSI,-54*
$RFMSGEND*
$RFMSGFROM,17157,35,111,0,0*
$DECOMPRESS,70*
$BAROALT,101663.25,26,-2.8*
$BATMV,3616*
$GPGGA,042405.500,3850.6762,N,07704.5820,W,1,09,01.1,07.3,M,-34.0,M,0,0*6B
$GPRMC,042405.500,A,3850.6762,N,07704.5820,W,000.0,085.3,030926,,,A*7E
$HRFSSI,-54*
$RFMSGEND*
$RFMSGFROM,17157,35,111,0,0*
$DECOMPRESS,70*
$BAROALT,101659.00,26,-2.7*
$BATMV,3609*
$GPGGA,042406.500,3850.6765,N,07704.5820,W,1,08,01.1,07.8,M,-34.0,M,0,0*65
$GPRMC,042406.500,A,3850.6765,N,07704.5820,W,000.0,085.3,030926,,,A*7A
$HRFSSI,-55*
$RFMSGEND*
$RFMSGFROM,17157,35,111,0,0*
$DECOMPRESS,70*
$BAROALT,101663.75,26,-2.8*
$BATMV,3609*
$GPGGA,042407.500,3850.6770,N,07704.5820,W,1,08,01.1,08.7,M,-34.0,M,0,0*60
$GPRMC,042407.500,A,3850.6770,N,07704.5820,W,000.1,085.3,030926,,,A*7E
$HRFSSI,-55*
$RFMSGEND*
$RFMSGFROM,17157,35,111,0,0*
$DECOMPRESS,70*
$BAROALT,101660.75,26,-2.7*
$BATMV,3616*
$GPGGA,042408.500,3850.6770,N,07704.5820,W,1,08,01.1,09.3,M,-34.0,M,0,0*6A
$GPRMC,042408.500,A,3850.6770,N,07704.5820,W,000.1,085.3,030926,,,A*71
$HRFSSI,-55*
$RFMSGEND*
$RFMSGFROM,17157,35,111,0,0*
$DECOMPRESS,70*
$BAROALT,101665.25,26,-2.8*
$BATMV,3616*
$GPGGA,042409.500,3850.6772,N,07704.5820,W,1,08,01.1,10.0,M,-34.0,M,0,0*62
$GPRMC,042409.500,A,3850.6772,N,07704.5820,W,000.0,085.3,030926,,,A*73
$HRFSSI,-55*
$RFMSGEND*
$RFMSGFROM,17157,35,111,0,0*
$DECOMPRESS,70*
$BAROALT,101663.50,26,-2.8*
$BATMV,3609*
$GPGGA,042410.500,3850.6774,N,07704.5820,W,1,08,01.7,10.8,M,-34.0,M,0,0*62
$GPRMC,042410.500,A,3850.6774,N,07704.5820,W,000.1,085.3,030926,,,A*7C
$HRFSSI,-57*
$RFMSGEND*
$RFMSGFROM,17157,35,111,0,0*
$DECOMPRESS,70*
$BAROALT,101662.00,26,-2.7*
$BATMV,3616*
$GPGGA,042411.500,3850.6777,N,07704.5820,W,1,08,01.7,11.3,M,-34.0,M,0,0*6A
$GPRMC,042411.500,A,3850.6777,N,07704.5820,W,000.1,085.3,030926,,,A*7E
$HRFSSI,-56*
$RFMSGEND*
$RFMSGFROM,17157,35,111,0,0*
$DECOMPRESS,70*
$BAROALT,101663.75,26,-2.8*
$BATMV,3609*
$GPGGA,042412.500,3850.6779,N,07704.5820,W,1,08,01.7,11.7,M,-34.0,M,0,0*63
$GPRMC,042412.500,A,3850.6779,N,07704.5820,W,000.1,085.3,030926,,,A*73
$HRFSSI,-56*
$RFMSGEND*
$RFMSGFROM,17157,35,111,0,0*
$DECOMPRESS,70*
$BAROALT,101663.50,26,-2.8*
$BATMV,3616*
$GPGGA,042413.500,3850.6779,N,07704.5820,W,1,08,01.7,11.9,M,-34.0,M,0,0*6C
$GPRMC,042413.500,A,3850.6779,N,07704.5820,W,000.0,085.3,030926,,,A*73
$HRFSSI,-56*
$RFMSGEND*
$RFMSGFROM,17157,35,111,0,0*
$DECOMPRESS,70*
$BAROALT,101664.25,26,-2.8*
$BATMV,3609*
$GPGGA,042414.500,3850.6782,N,07704.5820,W,1,08,01.7,12.2,M,-34.0,M,0,0*67
$GPRMC,042414.500,A,3850.6782,N,07704.5820,W,000.0,085.3,030926,,,A*70
$HRFSSI,-56*
$RFMSGEND*
$RFMSGFROM,17157,35,111,0,0*
$DECOMPRESS,70*
$BAROALT,101663.75,26,-2.8*
$BATMV,3609*
$GPGGA,042415.500,3850.6782,N,07704.5820,W,1,08,01.7,12.3,M,-34.0,M,0,0*67
$GPRMC,042415.500,A,3850.6782,N,07704.5820,W,000.0,085.3,030926,,,A*71
$HRFSSI,-56*
$RFMSGEND*
$RFMSGFROM,17157,35,111,0,0*
$DECOMPRESS,70*
$BAROALT,101662.25,26,-2.7*
$BATMV,3616*
$GPGGA,042416.500,3850.6782,N,07704.5820,W,1,08,01.7,12.6,M,-34.0,M,0,0*61
$GPRMC,042416.500,A,3850.6782,N,07704.5820,W,000.0,085.3,030926,,,A*72
$HRFSSI,-56*
$RFMSGEND*
$RFMSGFROM,17157,35,111,0,0*
$DECOMPRESS,70*
$BAROALT,101661.75,26,-2.7*
$BATMV,3616*
$GPGGA,042417.500,3850.6782,N,07704.5820,W,1,08,01.7,12.7,M,-34.0,M,0,0*61
$GPRMC,042417.500,A,3850.6782,N,07704.5820,W,000.0,085.3,030926,,,A*73
$HRFSSI,-56*
$RFMSGEND*
$RFMSGFROM,17157,35,111,0,0*
$DECOMPRESS,70*
$BAROALT,101663.75,26,-2.8*
$BATMV,3616*
$GPGGA,042418.500,3850.6784,N,07704.5820,W,1,08,01.7,13.0,M,-34.0,M,0,0*6E
$GPRMC,042418.500,A,3850.6784,N,07704.5820,W,000.1,085.3,030926,,,A*7B
$HRFSSI,-56*
$RFMSGEND*
$RFMSGFROM,17157,35,111,0,0*
$DECOMPRESS,70*
$BAROALT,101662.50,26,-2.7*
$BATMV,3616*
$GPGGA,042419.500,3850.6784,N,07704.5820,W,1,09,01.7,13.3,M,-34.0,M,0,0*6D
$GPRMC,042419.500,A,3850.6784,N,07704.5820,W,000.1,085.3,030926,,,A*7A
$HRFSSI,-56*
$RFMSGEND*
$RFMSGFROM,17157,35,111,0,0*
$DECOMPRESS,70*
$BAROALT,101662.75,26,-2.7*
$BATMV,3609*
$GPGGA,042421.500,3850.6787,N,07704.5820,W,1,09,01.7,14.0,M,-34.0,M,0,0*61
$GPRMC,042421.500,A,3850.6787,N,07704.5820,W,000.1,085.3,030926,,,A*72
$HRFSSI,-55*
$RFMSGEND*
$RFMSGFROM,17157,35,111,0,0*
$DECOMPRESS,70*
$BAROALT,101660.50,26,-2.7*
$BATMV,3616*
$GPGGA,042422.500,3850.6787,N,07704.5820,W,1,09,01.7,14.5,M,-34.0,M,0,0*67
$GPRMC,042422.500,A,3850.6787,N,07704.5820,W,000.1,085.3,030926,,,A*71
$HRFSSI,-56*
$RFMSGEND*
$RFMSGFROM,17157,35,111,0,0*
$DECOMPRESS,70*
$BAROALT,101662.25,26,-2.7*
$BATMV,3616*
$GPGGA,042423.500,3850.6789,N,07704.5820,W,1,09,01.7,14.8,M,-34.0,M,0,0*65
$GPRMC,042423.500,A,3850.6789,N,07704.5820,W,000.1,085.3,030926,,,A*7E
$HRFSSI,-56*
$RFMSGEND*
$RFMSGFROM,17157,35,111,0,0*
$DECOMPRESS,70*
$BAROALT,101664.00,26,-2.8*
$BATMV,3616*
$GPGGA,042424.500,3850.6789,N,07704.5815,W,1,09,01.7,15.2,M,-34.0,M,0,0*6F
$GPRMC,042424.500,A,3850.6789,N,07704.5815,W,000.1,085.3,030926,,,A*7F
$HRFSSI,-56*
$RFMSGEND*
$RFMSGFROM,17157,35,111,0,0*
$DECOMPRESS,70*
$BAROALT,101661.75,26,-2.7*
$BATMV,3616*
$GPGGA,042425.500,3850.6791,N,07704.5815,W,1,09,01.7,15.7,M,-34.0,M,0,0*62
$GPRMC,042425.500,A,3850.6791,N,07704.5815,W,000.1,085.3,030926,,,A*77
$HRFSSI,-56*
$RFMSGEND*
$RFMSGFROM,17157,35,111,0,0*
$DECOMPRESS,70*
$BAROALT,101662.25,26,-2.7*
$BATMV,3616*
$GPGGA,042426.500,3850.6794,N,07704.5815,W,1,09,01.7,16.3,M,-34.0,M,0,0*63
$GPRMC,042426.500,A,3850.6794,N,07704.5815,W,000.2,085.3,030926,,,A*72
$HRFSSI,-56*
$RFMSGEND*
$RFMSGFROM,17157,35,111,0,0*
$DECOMPRESS,70*
$BAROALT,101660.50,26,-2.7*
$BATMV,3609*
$GPGGA,042427.500,3850.6794,N,07704.5815,W,1,09,01.7,16.5,M,-34.0,M,0,0*64
$GPRMC,042427.500,A,3850.6794,N,07704.5815,W,000.1,085.3,030926,,,A*70
$HRFSSI,-56*
$RFMSGEND*
$RFMSGFROM,17157,35,111,0,0*
$DECOMPRESS,70*
$BAROALT,101661.25,26,-2.7*
$BATMV,3616*
$GPGGA,042428.500,3850.6796,N,07704.5815,W,1,09,01.1,17.1,M,-34.0,M,0,0*6A
$GPRMC,042428.500,A,3850.6796,N,07704.5815,W,000.0,085.3,030926,,,A*7C
$HRFSSI,-55*
$RFMSGEND*
$RFMSGFROM,17157,35,111,0,0*
$DECOMPRESS,70*
$BAROALT,101660.75,26,-2.7*
$BATMV,3616*
$GPGGA,042429.500,3850.6796,N,07704.5815,W,1,09,01.1,17.6,M,-34.0,M,0,0*6C
$GPRMC,042429.500,A,3850.6796,N,07704.5815,W,000.1,085.3,030926,,,A*7C
$HRFSSI,-56*
$RFMSGEND*
$RFMSGFROM,17157,35,111,0,0*
$DECOMPRESS,70*
$BAROALT,101664.00,26,-2.8*
$BATMV,3616*
$GPGGA,042430.500,3850.6796,N,07704.5815,W,1,09,01.1,18.1,M,-34.0,M,0,0*6C
$GPRMC,042430.500,A,3850.6796,N,07704.5815,W,000.1,085.3,030926,,,A*74
$HRFSSI,-56*
$RFMSGEND*
$RFMSGFROM,17157,35,111,0,0*
$DECOMPRESS,70*
$BAROALT,101664.00,26,-2.8*
$BATMV,3616*
$GPGGA,042431.500,3850.6801,N,07704.5815,W,1,09,01.1,19.2,M,-34.0,M,0,0*6E
$GPRMC,042431.500,A,3850.6801,N,07704.5815,W,000.3,085.3,030926,,,A*76
$HRFSSI,-55*
$RFMSGEND*
$RFMSGFROM,17157,35,111,0,0*
$DECOMPRESS,70*
$BAROALT,101661.75,26,-2.7*
$BATMV,3616*
$GPGGA,042432.500,3850.6801,N,07704.5810,W,1,09,01.1,19.7,M,-34.0,M,0,0*6D
$GPRMC,042432.500,A,3850.6801,N,07704.5810,W,000.2,085.3,030926,,,A*71
$HRFSSI,-56*
$RFMSGEND*
$RFMSGFROM,17157,35,111,0,0*
$DECOMPRESS,70*
$BAROALT,101661.75,26,-2.7*
$BATMV,3616*
$GPGGA,042433.500,3850.6804,N,07704.5810,W,1,09,01.1,20.1,M,-34.0,M,0,0*65
$GPRMC,042433.500,A,3850.6804,N,07704.5810,W,000.2,085.3,030926,,,A*75
$HRFSSI,-56*
$RFMSGEND*
$RFMSGFROM,17157,35,111,0,0*
$DECOMPRESS,70*
$BAROALT,101661.00,26,-2.7*
$BATMV,3609*
$GPGGA,042435.500,3850.6804,N,07704.5810,W,1,09,01.1,20.3,M,-34.0,M,0,0*61
$GPRMC,042435.500,A,3850.6804,N,07704.5810,W,000.2,085.3,030926,,,A*73
$HRFSSI,-57*
$RFMSGEND*
$RFMSGFROM,17157,35,111,0,0*
$DECOMPRESS,70*
$BAROALT,101660.25,26,-2.7*
$BATMV,3609*
$GPGGA,042436.500,3850.6806,N,07704.5810,W,1,09,01.1,20.8,M,-34.0,M,0,0*6B
$GPRMC,042436.500,A,3850.6806,N,07704.5810,W,000.2,085.3,030926,,,A*72
$HRFSSI,-56*
$RFMSGEND*
$RFMSGFROM,17157,35,111,0,0*
$DECOMPRESS,70*
$BAROALT,101663.25,26,-2.8*
$BATMV,3616*
$GPGGA,042437.500,3850.6804,N,07704.5810,W,1,09,01.1,20.6,M,-34.0,M,0,0*66
$GPRMC,042437.500,A,3850.6804,N,07704.5810,W,000.2,085.3,030926,,,A*71
$HRFSSI,-57*
$RFMSGEND*
$RFMSGFROM,17157,35,111,0,0*
$DECOMPRESS,70*
$BAROALT,101663.50,26,-2.8*
$BATMV,3616*
$GPGGA,042438.500,3850.6804,N,07704.5810,W,1,09,01.1,20.6,M,-34.0,M,0,0*69
$GPRMC,042438.500,A,3850.6804,N,07704.5810,W,000.1,085.3,030926,,,A*7D
$HRFSSI,-56*
$RFMSGEND*
$RFMSGFROM,17157,35,111,0,0*
$DECOMPRESS,70*
$BAROALT,101664.50,26,-2.8*
$BATMV,3609*
$GPGGA,042439.500,3850.6804,N,07704.5810,W,1,09,01.1,20.5,M,-34.0,M,0,0*6B
$GPRMC,042439.500,A,3850.6804,N,07704.5810,W,000.0,085.3,030926,,,A*7D
$HRFSSI,-57*
$RFMSGEND*
$RFMSGFROM,17157,35,111,0,0*
$DECOMPRESS,70*
$BAROALT,101660.75,26,-2.7*
$BATMV,3609*
$GPGGA,042440.500,3850.6801,N,07704.5810,W,1,09,01.1,20.1,M,-34.0,M,0,0*64
$GPRMC,042440.500,A,3850.6801,N,07704.5810,W,000.1,085.3,030926,,,A*77
$HRFSSI,-56*
$RFMSGEND*
$RFMSGFROM,17157,35,111,0,0*
$DECOMPRESS,70*
$BAROALT,101660.75,26,-2.7*
$BATMV,3616*
$GPGGA,042441.500,3850.6799,N,07704.5810,W,1,09,01.1,19.7,M,-34.0,M,0,0*67
$GPRMC,042441.500,A,3850.6799,N,07704.5810,W,000.1,085.3,030926,,,A*78
$HRFSSI,-56*
$RFMSGEND*
$RFMSGFROM,17157,35,111,0,0*
$DECOMPRESS,70*
$BAROALT,101665.00,26,-2.8*
$BATMV,3616*
$GPGGA,042442.500,3850.6799,N,07704.5810,W,1,08,01.1,19.3,M,-34.0,M,0,0*61
$GPRMC,042442.500,A,3850.6799,N,07704.5810,W,000.1,085.3,030926,,,A*7B
$HRFSSI,-56*
$RFMSGEND*
$RFMSGFROM,17157,35,111,0,0*
$DECOMPRESS,70*
$BAROALT,101659.75,26,-2.7*
$BATMV,3616*
$GPGGA,042443.500,3850.6796,N,07704.5810,W,1,08,01.1,19.0,M,-34.0,M,0,0*6C
$GPRMC,042443.500,A,3850.6796,N,07704.5810,W,000.2,085.3,030926,,,A*76
$HRFSSI,-57*
$RFMSGEND*
$RFMSGFROM,17157,35,111,0,0*
$DECOMPRESS,70*
$BAROALT,101660.75,26,-2.7*
$BATMV,3609*
$GPGGA,042444.500,3850.6796,N,07704.5810,W,1,08,01.1,18.7,M,-34.0,M,0,0*6D
$GPRMC,042444.500,A,3850.6796,N,07704.5810,W,000.2,085.3,030926,,,A*71
$HRFSSI,-57*
$RFMSGEND*
$RFMSGFROM,17157,35,111,0,0*
$DECOMPRESS,70*
$BAROALT,101662.50,26,-2.7*
$BATMV,3616*
$GPGGA,042445.500,3850.6794,N,07704.5810,W,1,08,01.1,18.4,M,-34.0,M,0,0*6D
$GPRMC,042445.500,A,3850.6794,N,07704.5810,W,000.0,085.3,030926,,,A*70
$HRFSSI,-57*
$RFMSGEND*
$RFMSGFROM,17157,35,111,0,0*
$DECOMPRESS,70*
$BAROALT,101661.75,26,-2.7*
$BATMV,3622*
$GPGGA,042446.500,3850.6794,N,07704.5810,W,1,08,01.1,18.0,M,-34.0,M,0,0*6A
$GPRMC,042446.500,A,3850.6794,N,07704.5810,W,000.3,085.3,030926,,,A*70
$HRFSSI,-57*
$RFMSGEND*
$RFMSGFROM,17157,35,111,0,0*
$DECOMPRESS,70*
$BAROALT,101661.25,26,-2.7*
$BATMV,3616*
$GPGGA,042447.500,3850.6794,N,07704.5810,W,1,08,01.1,17.7,M,-34.0,M,0,0*63
$GPRMC,042447.500,A,3850.6794,N,07704.5810,W,000.1,085.3,030926,,,A*73
$HRFSSI,-57*
$RFMSGEND*
$RFMSGFROM,17157,35,111,0,0*
$DECOMPRESS,70*
$BAROALT,101664.50,26,-2.8*
$BATMV,3616*
$GPGGA,042448.500,3850.6791,N,07704.5810,W,1,08,01.1,17.1,M,-34.0,M,0,0*6F
$GPRMC,042448.500,A,3850.6791,N,07704.5810,W,000.2,085.3,030926,,,A*7A
$HRFSSI,-57*
$RFMSGEND*
$RFMSGFROM,17157,35,111,0,0*
$DECOMPRESS,70*
$BAROALT,101661.50,26,-2.7*
$BATMV,3616*
$GPGGA,042449.500,3850.6789,N,07704.5810,W,1,08,01.1,16.7,M,-34.0,M,0,0*60
$GPRMC,042449.500,A,3850.6789,N,07704.5810,W,000.2,085.3,030926,,,A*72
$HRFSSI,-56*
$RFMSGEND*
$RFMSGFROM,17157,35,111,0,0*
$DECOMPRESS,70*
$BAROALT,101663.50,26,-2.8*
$BATMV,3609*
$GPGGA,042450.500,3850.6789,N,07704.5810,W,1,08,01.1,16.0,M,-34.0,M,0,0*6F
$GPRMC,042450.500,A,3850.6789,N,07704.5810,W,000.4,085.3,030926,,,A*7C
$HRFSSI,-57*
$RFMSGEND*
$RFMSGFROM,17157,35,111,0,0*
$DECOMPRESS,70*
$BAROALT,101661.50,26,-2.7*
$BATMV,3616*
$GPGGA,042451.500,3850.6787,N,07704.5810,W,1,08,01.1,15.6,M,-34.0,M,0,0*65
$GPRMC,042451.500,A,3850.6787,N,07704.5810,W,000.1,085.3,030926,,,A*76
$HRFSSI,-56*
$RFMSGEND*
$RFMSGFROM,17157,35,111,0,0*
$DECOMPRESS,70*
$BAROALT,101661.25,26,-2.7*
$BATMV,3616*
$GPGGA,042452.500,3850.6787,N,07704.5810,W,1,08,01.1,15.3,M,-34.0,M,0,0*63
$GPRMC,042452.500,A,3850.6787,N,07704.5810,W,000.0,085.3,030926,,,A*74
$HRFSSI,-56*
$RFMSGEND*
$RFMSGFROM,17157,35,111,0,0*
$DECOMPRESS,70*
$BAROALT,101660.25,26,-2.7*
$BATMV,3616*
$GPGGA,042453.500,3850.6787,N,07704.5810,W,1,08,01.1,14.9,M,-34.0,M,0,0*69
$GPRMC,042453.500,A,3850.6787,N,07704.5810,W,000.2,085.3,030926,,,A*77
$HRFSSI,-57*
$RFMSGEND*
$RFMSGFROM,17157,35,111,0,0*
$DECOMPRESS,70*
$BAROALT,101662.75,26,-2.7*
$BATMV,3616*
$GPGGA,042454.500,3850.6787,N,07704.5810,W,1,08,01.1,14.6,M,-34.0,M,0,0*61
$GPRMC,042454.500,A,3850.6787,N,07704.5810,W,000.2,085.3,030926,,,A*70
$HRFSSI,-54*
$RFMSGEND*
$RFMSGFROM,17157,35,111,0,0*
$DECOMPRESS,70*
$BAROALT,101663.25,26,-2.8*
$BATMV,3616*
$GPGGA,042455.500,3850.6787,N,07704.5810,W,1,08,01.1,14.3,M,-34.0,M,0,0*65
$GPRMC,042455.500,A,3850.6787,N,07704.5810,W,000.2,085.3,030926,,,A*71
$HRFSSI,-52*
$RFMSGEND*
$RFMSGFROM,17157,35,111,0,0*
$DECOMPRESS,70*
$BAROALT,101661.50,26,-2.7*
$BATMV,3616*
$GPGGA,042456.500,3850.6784,N,07704.5810,W,1,08,01.1,13.8,M,-34.0,M,0,0*69
$GPRMC,042456.500,A,3850.6784,N,07704.5810,W,000.6,085.3,030926,,,A*75
$HRFSSI,-52*
$RFMSGEND*
$RFMSGFROM,17157,35,111,0,0*
$DECOMPRESS,70*
$BAROALT,101662.25,26,-2.7*
$BATMV,3616*
$GPGGA,042457.500,3850.6784,N,07704.5810,W,1,08,01.7,13.1,M,-34.0,M,0,0*67
$GPRMC,042457.500,A,3850.6784,N,07704.5810,W,000.6,085.3,030926,,,A*74
$HRFSSI,-51*
$RFMSGEND*
$RFMSGFROM,17157,35,111,0,0*
$DECOMPRESS,70*
$BAROALT,101661.50,26,-2.7*
$BATMV,3609*
$GPGGA,042458.500,3850.6782,N,07704.5810,W,1,08,01.7,12.1,M,-34.0,M,0,0*6F
$GPRMC,042458.500,A,3850.6782,N,07704.5810,W,000.1,085.3,030926,,,A*7A
$HRFSSI,-52*
$RFMSGEND*
$RFMSGFROM,17157,35,111,0,0*
$DECOMPRESS,70*
$BAROALT,101660.25,26,-2.7*
$BATMV,3609*
$GPGGA,042459.500,3850.6782,N,07704.5810,W,1,08,01.7,11.4,M,-34.0,M,0,0*68
$GPRMC,042459.500,A,3850.6782,N,07704.5810,W,000.2,085.3,030926,,,A*78
$HRFSSI,-51*
$RFMSGEND*
$RFMSGFROM,17157,35,111,0,0*
$DECOMPRESS,70*
$BAROALT,101662.00,26,-2.7*
$BATMV,3609*
$GPGGA,042500.500,3850.6779,N,07704.5810,W,1,08,01.7,10.7,M,-34.0,M,0,0*63
$GPRMC,042500.500,A,3850.6779,N,07704.5810,W,000.2,085.3,030926,,,A*71
$HRFSSI,-51*
$RFMSGEND*
$RFMSGFROM,17157,35,111,0,0*
$DECOMPRESS,70*
$BAROALT,101663.00,26,-2.8*
$BATMV,3616*
$GPGGA,042501.500,3850.6779,N,07704.5810,W,1,08,01.7,10.3,M,-34.0,M,0,0*66
$GPRMC,042501.500,A,3850.6779,N,07704.5810,W,000.1,085.3,030926,,,A*73
$HRFSSI,-50*
$RFMSGEND*
$RFMSGFROM,17157,35,111,0,0*
$DECOMPRESS,70*
$BAROALT,101661.50,26,-2.7*
$BATMV,3616*
$GPGGA,042502.500,3850.6777,N,07704.5810,W,1,08,01.7,10.1,M,-34.0,M,0,0*69
$GPRMC,042502.500,A,3850.6777,N,07704.5810,W,000.4,085.3,030926,,,A*7B
$HRFSSI,-50*
$RFMSGEND*
$RFMSGFROM,17157,35,111,0,0*
$DECOMPRESS,70*
$BAROALT,101661.25,26,-2.7*
$BATMV,3609*
$GPGGA,042503.500,3850.6777,N,07704.5810,W,1,08,01.7,09.8,M,-34.0,M,0,0*69
$GPRMC,042503.500,A,3850.6777,N,07704.5810,W,000.1,085.3,030926,,,A*7F
$HRFSSI,-50*
$RFMSGEND*
$RFMSGFROM,17157,35,111,0,0*
$DECOMPRESS,70*
$BAROALT,101662.75,26,-2.7*
$BATMV,3616*
$GPGGA,042504.500,3850.6777,N,07704.5810,W,1,08,01.7,09.4,M,-34.0,M,0,0*62
$GPRMC,042504.500,A,3850.6777,N,07704.5810,W,000.4,085.3,030926,,,A*7D
$HRFSSI,-52*
$RFMSGEND*
$RFMSGFROM,17157,35,111,0,0*
$DECOMPRESS,70*
$BAROALT,101661.25,26,-2.7*
$BATMV,3609*
$GPGGA,042505.500,3850.6774,N,07704.5810,W,1,08,01.7,09.1,M,-34.0,M,0,0*65
$GPRMC,042505.500,A,3850.6774,N,07704.5810,W,000.1,085.3,030926,,,A*7A
$HRFSSI,-51*
$RFMSGEND*
$RFMSGFROM,17157,35,111,0,0*
$DECOMPRESS,70*
$BAROALT,101661.75,26,-2.7*
$BATMV,3609*
$GPGGA,042506.500,3850.6777,N,07704.5810,W,1,08,01.7,09.1,M,-34.0,M,0,0*65
$GPRMC,042506.500,A,3850.6777,N,07704.5810,W,000.1,085.3,030926,,,A*7A
$HRFSSI,-52*
$RFMSGEND*
$RFMSGFROM,17157,35,111,0,0*
$DECOMPRESS,70*
$BAROALT,101663.00,26,-2.8*
$BATMV,3609*
$GPGGA,042507.500,3850.6774,N,07704.5810,W,1,08,01.7,08.9,M,-34.0,M,0,0*6E
$GPRMC,042507.500,A,3850.6774,N,07704.5810,W,000.0,085.3,030926,,,A*79
$HRFSSI,-55*
$RFMSGEND*
$RFMSGFROM,17157,35,111,0,0*
$DECOMPRESS,70*
$BAROALT,101659.00,26,-2.7*
$BATMV,3609*
$GPGGA,042508.500,3850.6774,N,07704.5810,W,1,08,01.7,08.8,M,-34.0,M,0,0*60
$GPRMC,042508.500,A,3850.6774,N,07704.5810,W,000.2,085.3,030926,,,A*74
$HRFSSI,-55*
$RFMSGEND*
$RFMSGFROM,17157,35,111,0,0*
$DECOMPRESS,70*
$BAROALT,101664.50,26,-2.8*
$BATMV,3609*
$GPGGA,042509.500,3850.6774,N,07704.5810,W,1,08,01.7,08.9,M,-34.0,M,0,0*60
$GPRMC,042509.500,A,3850.6774,N,07704.5810,W,000.4,085.3,030926,,,A*73
$HRFSSI,-56*
$RFMSGEND*
$RFMSGFROM,17157,35,111,0,0*
$DECOMPRESS,70*
$BAROALT,101663.00,26,-2.8*
$BATMV,3609*
$GPGGA,042510.500,3850.6777,N,07704.5810,W,1,08,01.7,09.1,M,-34.0,M,0,0*62
$GPRMC,042510.500,A,3850.6777,N,07704.5810,W,000.2,085.3,030926,,,A*7E
$HRFSSI,-55*
$RFMSGEND*
$RFMSGFROM,17157,35,111,0,0*
$DECOMPRESS,70*
$BAROALT,101664.50,26,-2.8*
$BATMV,3609*
$GPGGA,042511.500,3850.6777,N,07704.5810,W,1,08,01.7,08.9,M,-34.0,M,0,0*6A
$GPRMC,042511.500,A,3850.6777,N,07704.5810,W,000.4,085.3,030926,,,A*79
$HRFSSI,-55*
$RFMSGEND*
$RFMSGFROM,17157,35,111,0,0*
$DECOMPRESS,70*
$BAROALT,101667.00,26,-2.8*
$BATMV,3616*
$GPGGA,042512.500,3850.6777,N,07704.5810,W,1,08,01.7,08.5,M,-34.0,M,0,0*65
$GPRMC,042512.500,A,3850.6777,N,07704.5810,W,000.3,085.3,030926,,,A*7D
$HRFSSI,-54*
$RFMSGEND*
$RFMSGFROM,17157,35,111,0,0*
$DECOMPRESS,70*
$BAROALT,101664.75,26,-2.8*
$BATMV,3616*
$GPGGA,042513.500,3850.6777,N,07704.5810,W,1,08,01.1,08.2,M,-34.0,M,0,0*65
$GPRMC,042513.500,A,3850.6777,N,07704.5810,W,000.0,085.3,030926,,,A*7F
$HRFSSI,-55*
$RFMSGEND*
$RFMSGFROM,17157,35,111,0,0*
$DECOMPRESS,70*
$BAROALT,101665.00,26,-2.8*
$BATMV,3609*
$GPGGA,042514.500,3850.6777,N,07704.5810,W,1,08,01.1,08.1,M,-34.0,M,0,0*61
$GPRMC,042514.500,A,3850.6777,N,07704.5810,W,000.1,085.3,030926,,,A*79
$HRFSSI,-54*
$RFMSGEND*
$RFMSGFROM,17157,35,111,0,0*
$DECOMPRESS,70*
$BAROALT,101661.75,26,-2.7*
$BATMV,3609*
$GPGGA,042515.500,3850.6777,N,07704.5815,W,1,08,01.7,08.0,M,-34.0,M,0,0*62
$GPRMC,042515.500,A,3850.6777,N,07704.5815,W,000.2,085.3,030926,,,A*7E
$HRFSSI,-55*
$RFMSGEND*
$RFMSGFROM,17157,35,111,0,0*
$DECOMPRESS,70*
$BAROALT,101660.00,26,-2.7*
$BATMV,3616*
$GPGGA,042516.500,3850.6779,N,07704.5820,W,1,08,01.1,08.3,M,-34.0,M,0,0*6C
$GPRMC,042516.500,A,3850.6779,N,07704.5820,W,000.1,085.3,030926,,,A*76
$HRFSSI,-56*
$RFMSGEND*
$RFMSGFROM,17157,35,111,0,0*
$DECOMPRESS,70*
$BAROALT,101659.75,26,-2.7*
$BATMV,3616*
$GPGGA,042517.500,3850.6779,N,07704.5820,W,1,08,01.7,08.3,M,-34.0,M,0,0*6B
$GPRMC,042517.500,A,3850.6779,N,07704.5820,W,000.2,085.3,030926,,,A*74
$HRFSSI,-55*
$RFMSGEND*
$RFMSGFROM,17157,35,111,0,0*
$DECOMPRESS,70*
$BAROALT,101662.25,26,-2.7*
$BATMV,3616*
$GPGGA,042518.500,3850.6782,N,07704.5820,W,1,08,01.1,08.5,M,-34.0,M,0,0*60
$GPRMC,042518.500,A,3850.6782,N,07704.5820,W,000.2,085.3,030926,,,A*7F
$HRFSSI,-55*
$RFMSGEND*
$RFMSGFROM,17157,35,111,0,0*
$DECOMPRESS,70*
$BAROALT,101663.00,26,-2.8*
$BATMV,3609*
$GPGGA,042519.500,3850.6782,N,07704.5820,W,1,08,01.1,09.1,M,-34.0,M,0,0*64
$GPRMC,042519.500,A,3850.6782,N,07704.5820,W,000.3,085.3,030926,,,A*7F
$HRFSSI,-53*
$RFMSGEND*
$RFMSGFROM,17157,35,111,0,0*
$DECOMPRESS,70*
$BAROALT,101666.25,26,-2.8*
$BATMV,3609*
$GPGGA,042520.500,3850.6784,N,07704.5820,W,1,08,01.1,09.0,M,-34.0,M,0,0*69
$GPRMC,042520.500,A,3850.6784,N,07704.5820,W,000.2,085.3,030926,,,A*72
$HRFSSI,-54*
$RFMSGEND*
$RFMSGFROM,17157,35,111,0,0*
$DECOMPRESS,70*
$BAROALT,101661.00,26,-2.7*
$BATMV,3609*
$GPGGA,042521.500,3850.6784,N,07704.5820,W,1,08,01.1,09.1,M,-34.0,M,0,0*69
$GPRMC,042521.500,A,3850.6784,N,07704.5820,W,000.1,085.3,030926,,,A*70
$HRFSSI,-55*
$RFMSGEND*
$RFMSGFROM,17157,35,111,0,0*
$DECOMPRESS,70*
$BAROALT,101659.25,26,-2.7*
$BATMV,3609*
$GPGGA,042522.500,3850.6787,N,07704.5820,W,1,08,01.1,09.3,M,-34.0,M,0,0*6B
$GPRMC,042522.500,A,3850.6787,N,07704.5820,W,000.2,085.3,030926,,,A*73
$HRFSSI,-55*
$RFMSGEND*
$RFMSGFROM,17157,35,111,0,0*
$DECOMPRESS,70*
$BAROALT,101659.50,26,-2.7*
$BATMV,3609*
$GPGGA,042523.500,3850.6789,N,07704.5820,W,1,08,01.1,09.7,M,-34.0,M,0,0*60
$GPRMC,042523.500,A,3850.6789,N,07704.5820,W,000.2,085.3,030926,,,A*7C
$HRFSSI,-55*
$RFMSGEND*
$RFMSGFROM,17157,35,111,0,0*
$DECOMPRESS,70*
$BAROALT,101661.00,26,-2.7*
$BATMV,3609*
$GPGGA,042524.500,3850.6789,N,07704.5820,W,1,08,01.1,09.8,M,-34.0,M,0,0*68
$GPRMC,042524.500,A,3850.6789,N,07704.5820,W,000.1,085.3,030926,,,A*78
$HRFSSI,-55*
$RFMSGEND*
$RFMSGFROM,17157,35,111,0,0*
$DECOMPRESS,70*
$BAROALT,101662.50,26,-2.7*
$BATMV,3609*
$GPGGA,042525.500,3850.6791,N,07704.5820,W,1,08,01.1,10.1,M,-34.0,M,0,0*61
$GPRMC,042525.500,A,3850.6791,N,07704.5820,W,000.2,085.3,030926,,,A*73
$HRFSSI,-54*
$RFMSGEND*
$RFMSGFROM,17157,35,111,0,0*
$DECOMPRESS,70*
$BAROALT,101662.50,26,-2.7*
$BATMV,3609*
$GPGGA,042526.500,3850.6791,N,07704.5820,W,1,08,01.1,10.3,M,-34.0,M,0,0*60
$GPRMC,042526.500,A,3850.6791,N,07704.5820,W,000.1,085.3,030926,,,A*73
$HRFSSI,-55*
$RFMSGEND*
$RFMSGFROM,17157,35,111,0,0*
$DECOMPRESS,70*
$BAROALT,101662.50,26,-2.7*
$BATMV,3616*
$GPGGA,042527.500,3850.6794,N,07704.5820,W,1,08,01.1,10.4,M,-34.0,M,0,0*63
$GPRMC,042527.500,A,3850.6794,N,07704.5820,W,000.0,085.3,030926,,,A*76
$HRFSSI,-56*
$RFMSGEND*
$RFMSGFROM,17157,35,111,0,0*
$DECOMPRESS,70*
$BAROALT,101661.25,26,-2.7*
$BATMV,3616*
$GPGGA,042528.500,3850.6794,N,07704.5820,W,1,08,01.1,10.6,M,-34.0,M,0,0*6E
$GPRMC,042528.500,A,3850.6794,N,07704.5820,W,000.0,085.3,030926,,,A*79
$HRFSSI,-55*
$RFMSGEND*
$RFMSGFROM,17157,35,111,0,0*
$DECOMPRESS,70*
$BAROALT,101663.25,26,-2.8*
$BATMV,3609*
$GPGGA,042529.500,3850.6794,N,07704.5820,W,1,08,01.1,10.7,M,-34.0,M,0,0*6E
$GPRMC,042529.500,A,3850.6794,N,07704.5820,W,000.1,085.3,030926,,,A*79
$HRFSSI,-55*
$RFMSGEND*
$RFMSGFROM,17157,35,111,0,0*
$DECOMPRESS,70*
$BAROALT,101660.25,26,-2.7*
$BATMV,3609*
$GPGGA,042530.500,3850.6799,N,07704.5820,W,1,09,01.0,11.8,M,-34.0,M,0,0*65
$GPRMC,042530.500,A,3850.6799,N,07704.5820,W,000.1,085.3,030926,,,A*7C
$HRFSSI,-53*
$RFMSGEND*
$RFMSGFROM,17157,35,111,0,0*
$DECOMPRESS,70*
$BAROALT,101658.25,26,-2.7*
$BATMV,3616*
$GPGGA,042531.500,3850.6801,N,07704.5820,W,1,09,01.0,13.2,M,-34.0,M,0,0*62
$GPRMC,042531.500,A,3850.6801,N,07704.5820,W,000.0,085.3,030926,,,A*72
$HRFSSI,-54*
$RFMSGEND*
$RFMSGFROM,17157,35,111,0,0*
$DECOMPRESS,70*
$BAROALT,101662.25,26,-2.7*
$BATMV,3609*
$GPGGA,042532.500,3850.6804,N,07704.5825,W,1,09,01.0,14.0,M,-34.0,M,0,0*64
$GPRMC,042532.500,A,3850.6804,N,07704.5825,W,000.0,085.3,030926,,,A*71
$HRFSSI,-53*
$RFMSGEND*
$RFMSGFROM,17157,35,111,0,0*
$DECOMPRESS,70*
$BAROALT,101662.50,26,-2.7*
$BATMV,3609*
$GPGGA,042533.500,3850.6806,N,07704.5825,W,1,09,01.0,14.5,M,-34.0,M,0,0*62
$GPRMC,042533.500,A,3850.6806,N,07704.5825,W,000.0,085.3,030926,,,A*72
$HRFSSI,-54*
$RFMSGEND*
$RFMSGFROM,17157,35,111,0,0*
$DECOMPRESS,70*
$BAROALT,101661.75,26,-2.7*
$BATMV,3609*
$GPGGA,042534.500,3850.6806,N,07704.5825,W,1,09,01.0,15.1,M,-34.0,M,0,0*60
$GPRMC,042534.500,A,3850.6806,N,07704.5825,W,000.0,085.3,030926,,,A*75
$HRFSSI,-54*
$RFMSGEND*
$RFMSGFROM,17157,35,111,0,0*
$DECOMPRESS,70*
$BAROALT,101663.75,26,-2.8*
$BATMV,3609*
$GPGGA,042535.500,3850.6809,N,07704.5825,W,1,09,01.0,15.7,M,-34.0,M,0,0*68
$GPRMC,042535.500,A,3850.6809,N,07704.5825,W,000.1,085.3,030926,,,A*7A
$HRFSSI,-54*
$RFMSGEND*
$RFMSGFROM,17157,35,111,0,0*
$DECOMPRESS,70*
$BAROALT,101660.25,26,-2.7*
$BATMV,3609*
$GPGGA,042536.500,3850.6809,N,07704.5825,W,1,09,01.0,16.3,M,-34.0,M,0,0*6C
$GPRMC,042536.500,A,3850.6809,N,07704.5825,W,000.0,085.3,030926,,,A*78
$HRFSSI,-54*
$RFMSGEND*
$RFMSGFROM,17157,35,111,0,0*
$DECOMPRESS,70*
$BAROALT,101661.75,26,-2.7*
$BATMV,3616*
$GPGGA,042537.500,3850.6811,N,07704.5825,W,1,09,01.0,16.7,M,-34.0,M,0,0*60
$GPRMC,042537.500,A,3850.6811,N,07704.5825,W,000.0,085.3,030926,,,A*70
$HRFSSI,-54*
$RFMSGEND*
$RFMSGFROM,17157,35,111,0,0*
$DECOMPRESS,70*
$BAROALT,101663.00,26,-2.8*
$BATMV,3609*
$GPGGA,042538.500,3850.6811,N,07704.5830,W,1,10,01.0,16.8,M,-34.0,M,0,0*6C
$GPRMC,042538.500,A,3850.6811,N,07704.5830,W,000.0,085.3,030926,,,A*7B
$HRFSSI,-53*
$RFMSGEND*
$RFMSGFROM,17157,35,111,0,0*
$DECOMPRESS,70*
$BAROALT,101661.00,26,-2.7*
$BATMV,3616*
$GPGGA,042539.500,3850.6811,N,07704.5830,W,1,10,01.0,17.0,M,-34.0,M,0,0*64
$GPRMC,042539.500,A,3850.6811,N,07704.5830,W,000.0,085.3,030926,,,A*7A
$HRFSSI,-54*
$RFMSGEND*
$RFMSGFROM,17157,35,111,0,0*
$DECOMPRESS,70*
$BAROALT,101664.50,26,-2.8*
$BATMV,3616*
$GPGGA,042540.500,3850.6813,N,07704.5830,W,1,10,01.0,17.2,M,-34.0,M,0,0*6A
$GPRMC,042540.500,A,3850.6813,N,07704.5830,W,000.1,085.3,030926,,,A*77
$HRFSSI,-53*
$RFMSGEND*
$RFMSGFROM,17157,35,111,0,0*
$DECOMPRESS,70*
$BAROALT,101661.25,26,-2.7*
$BATMV,3609*
$GPGGA,042541.500,3850.6813,N,07704.5830,W,1,10,01.0,17.5,M,-34.0,M,0,0*6C
$GPRMC,042541.500,A,3850.6813,N,07704.5830,W,000.0,085.3,030926,,,A*77
$HRFSSI,-51*
$RFMSGEND*
$RFMSGFROM,17157,35,111,0,0*
$DECOMPRESS,70*
$BAROALT,101662.00,26,-2.7*
$BATMV,3616*
$GPGGA,042542.500,3850.6816,N,07704.5830,W,1,10,01.0,18.0,M,-34.0,M,0,0*60
$GPRMC,042542.500,A,3850.6816,N,07704.5830,W,000.0,085.3,030926,,,A*71
$HRFSSI,-51*
$RFMSGEND*
$RFMSGFROM,17157,35,111,0,0*
$DECOMPRESS,70*
$BAROALT,101659.50,26,-2.7*
$BATMV,3616*
$GPGGA,042543.500,3850.6816,N,07704.5830,W,1,10,01.0,18.2,M,-34.0,M,0,0*63
$GPRMC,042543.500,A,3850.6816,N,07704.5830,W,000.0,085.3,030926,,,A*70
$HRFSSI,-55*
$RFMSGEND*
$RFMSGFROM,17157,35,111,0,0*
$DECOMPRESS,70*
$BAROALT,101659.25,26,-2.7*
$BATMV,3609*
$GPGGA,042544.500,3850.6816,N,07704.5830,W,1,10,01.0,18.3,M,-34.0,M,0,0*65
$GPRMC,042544.500,A,3850.6816,N,07704.5830,W,000.0,085.3,030926,,,A*77
$HRFSSI,-53*
$RFMSGEND*
$RFMSGFROM,17157,35,111,0,0*
$DECOMPRESS,70*
$BAROALT,101664.50,26,-2.8*
$BATMV,3616*
$GPGGA,042545.500,3850.6816,N,07704.5830,W,1,10,01.0,18.4,M,-34.0,M,0,0*63
$GPRMC,042545.500,A,3850.6816,N,07704.5830,W,000.1,085.3,030926,,,A*77
$HRFSSI,-54*
$RFMSGEND*
$RFMSGFROM,17157,35,111,0,0*
$DECOMPRESS,70*
$BAROALT,101660.25,26,-2.7*
$BATMV,3616*
$GPGGA,042546.500,3850.6816,N,07704.5830,W,1,10,01.0,18.7,M,-34.0,M,0,0*63
$GPRMC,042546.500,A,3850.6816,N,07704.5830,W,000.1,085.3,030926,,,A*74
$HRFSSI,-55*
$RFMSGEND*
$RFMSGFROM,17157,35,111,0,0*
$DECOMPRESS,70*
$BAROALT,101663.00,26,-2.8*
$BATMV,3609*
$GPGGA,042547.500,3850.6816,N,07704.5830,W,1,10,01.0,18.9,M,-34.0,M,0,0*6C
$GPRMC,042547.500,A,3850.6816,N,07704.5830,W,000.1,085.3,030926,,,A*75
$HRFSSI,-54*
$RFMSGEND*
$RFMSGFROM,17157,35,111,0,0*
$DECOMPRESS,70*
$BAROALT,101665.75,26,-2.8*
$BATMV,3616*
$GPGGA,042548.500,3850.6816,N,07704.5830,W,1,10,01.0,19.2,M,-34.0,M,0,0*69
$GPRMC,042548.500,A,3850.6816,N,07704.5830,W,000.0,085.3,030926,,,A*7B
$HRFSSI,-54*
$RFMSGEND*
$RFMSGFROM,17157,35,111,0,0*
$DECOMPRESS,70*
$BAROALT,101660.50,26,-2.7*
$BATMV,3609*
$GPGGA,042549.500,3850.6816,N,07704.5834,W,1,10,01.0,19.3,M,-34.0,M,0,0*6D
$GPRMC,042549.500,A,3850.6816,N,07704.5834,W,000.0,085.3,030926,,,A*7E
$HRFSSI,-54*
$RFMSGEND*
$RFMSGFROM,17157,35,111,0,0*
$DECOMPRESS,70*
$BAROALT,101664.00,26,-2.8*
$BATMV,3616*
$GPGGA,042550.500,3850.6816,N,07704.5834,W,1,10,01.0,19.5,M,-34.0,M,0,0*63
$GPRMC,042550.500,A,3850.6816,N,07704.5834,W,000.0,085.3,030926,,,A*76
$HRFSSI,-53*
$RFMSGEND*
$RFMSGFROM,17157,35,111,0,0*
$DECOMPRESS,70*
$BAROALT,101664.25,26,-2.8*
$BATMV,3609*
$GPGGA,042551.500,3850.6816,N,07704.5830,W,1,10,01.1,19.7,M,-34.0,M,0,0*65
$GPRMC,042551.500,A,3850.6816,N,07704.5830,W,000.0,085.3,030926,,,A*73
$HRFSSI,-53*
$RFMSGEND*
$RFMSGFROM,17157,35,111,0,0*
$DECOMPRESS,70*
$BAROALT,101657.75,26,-2.7*
$BATMV,3609*
$GPGGA,042552.500,3850.6816,N,07704.5834,W,1,09,01.0,19.9,M,-34.0,M,0,0*65
$GPRMC,042552.500,A,3850.6816,N,07704.5834,W,000.0,085.3,030926,,,A*74
$HRFSSI,-53*
$RFMSGEND*
$RFMSGFROM,17157,35,111,0,0*
$DECOMPRESS,70*
$BAROALT,101659.00,26,-2.7*
$BATMV,3609*
$GPGGA,042553.500,3850.6816,N,07704.5834,W,1,10,01.0,20.1,M,-34.0,M,0,0*6E
$GPRMC,042553.500,A,3850.6816,N,07704.5834,W,000.0,085.3,030926,,,A*75
$HRFSSI,-53*
$RFMSGEND*
$RFMSGFROM,17157,35,111,0,0*
$DECOMPRESS,70*
$BAROALT,101665.00,26,-2.8*
$BATMV,3616*
$GPGGA,042554.500,3850.6816,N,07704.5834,W,1,10,01.0,20.3,M,-34.0,M,0,0*6B
$GPRMC,042554.500,A,3850.6816,N,07704.5834,W,000.0,085.3,030926,,,A*72
$HRFSSI,-54*
$RFMSGEND*
$RFMSGFROM,17157,35,111,0,0*
$DECOMPRESS,70*
$BAROALT,101664.75,26,-2.8*
$BATMV,3616*
$GPGGA,042555.500,3850.6816,N,07704.5830,W,1,10,01.0,20.5,M,-34.0,M,0,0*68
$GPRMC,042555.500,A,3850.6816,N,07704.5830,W,000.0,085.3,030926,,,A*77
$HRFSSI,-53*
$RFMSGEND*
$RFMSGFROM,17157,35,111,0,0*
$DECOMPRESS,70*
$BAROALT,101661.00,26,-2.7*
$BATMV,3609*
$GPGGA,042556.500,3850.6816,N,07704.5834,W,1,10,01.0,20.6,M,-34.0,M,0,0*6C
$GPRMC,042556.500,A,3850.6816,N,07704.5834,W,000.0,085.3,030926,,,A*70
$HRFSSI,-56*
$RFMSGEND*
$RFMSGFROM,17157,35,111,0,0*
$DECOMPRESS,70*
$BAROALT,101663.50,26,-2.8*
$BATMV,3609*
$GPGGA,042557.500,3850.6816,N,07704.5834,W,1,10,01.0,20.5,M,-34.0,M,0,0*6E
$GPRMC,042557.500,A,3850.6816,N,07704.5834,W,000.0,085.3,030926,,,A*71
$HRFSSI,-57*
$RFMSGEND*
$RFMSGFROM,17157,35,111,0,0*
$DECOMPRESS,70*
$BAROALT,101662.75,26,-2.7*
$BATMV,3609*
$GPGGA,042558.500,3850.6816,N,07704.5834,W,1,10,01.0,20.5,M,-34.0,M,0,0*61
$GPRMC,042558.500,A,3850.6816,N,07704.5834,W,000.0,085.3,030926,,,A*7E
$HRFSSI,-56*
$RFMSGEND*
$RFMSGFROM,17157,35,111,0,0*
$DECOMPRESS,70*
$BAROALT,101661.00,26,-2.7*
$BATMV,3609*
$GPGGA,042559.500,3850.6816,N,07704.5834,W,1,10,01.0,20.6,M,-34.0,M,0,0*63
$GPRMC,042559.500,A,3850.6816,N,07704.5834,W,000.0,085.3,030926,,,A*7F
$HRFSSI,-55*
$RFMSGEND*
